hrx_id,activity_date,sleep_minutes,deep,rem,core,awake,createdat
5f50d127146a9f17ff68858a,2026-05-22,476,119,119,238,0,2026-05-21 15:05:04+00:00
5f87137f4b61bb08c27356da,2026-04-17,358,61,83,209,5,2026-04-16 13:37:36+00:00
5f87137f4b61bb08c27356da,2026-04-15,434,25,83,289,37,2026-04-14 16:01:04+00:00
5f87137f4b61bb08c27356da,2026-04-15,349,24,34,278,13,2026-04-14 16:01:04+00:00
5f87137f4b61bb08c27356da,2026-04-15,450,47,53,315,35,2026-04-14 16:01:05+00:00
5f87137f4b61bb08c27356da,2026-04-15,303,35,51,200,17,2026-04-14 16:00:59+00:00
5f87137f4b61bb08c27356da,2026-04-15,414,4,77,267,66,2026-04-14 16:01:01+00:00
5f87137f4b61bb08c27356da,2026-04-15,0,0,0,0,0,2026-04-14 16:01:05+00:00
5f87137f4b61bb08c27356da,2026-04-15,207,39,29,134,5,2026-04-14 16:01:01+00:00
5f87137f4b61bb08c27356da,2026-04-15,397,56,120,201,20,2026-04-14 16:01:01+00:00
5f87137f4b61bb08c27356da,2026-04-15,278,10,21,189,58,2026-04-14 16:01:05+00:00
5f87137f4b61bb08c27356da,2026-04-15,389,23,95,240,31,2026-04-14 16:01:04+00:00
5f87137f4b61bb08c27356da,2026-04-15,2,0,0,0,2,2026-04-14 16:01:00+00:00
5f87137f4b61bb08c27356da,2026-04-15,213,27,52,133,1,2026-04-14 16:01:01+00:00
5f87137f4b61bb08c27356da,2026-04-15,383,8,46,280,49,2026-04-14 16:01:01+00:00
5f87137f4b61bb08c27356da,2026-04-15,380,30,58,237,55,2026-04-14 16:01:05+00:00
5f87137f4b61bb08c27356da,2026-04-15,330,78,82,165,5,2026-04-14 16:01:01+00:00
5f87137f4b61bb08c27356da,2026-04-15,330,31,55,205,39,2026-04-14 16:00:59+00:00
5f87137f4b61bb08c27356da,2026-04-15,481,26,105,323,27,2026-04-14 16:01:00+00:00
5f87137f4b61bb08c27356da,2026-04-15,7,0,0,0,7,2026-04-14 16:01:05+00:00
5f87137f4b61bb08c27356da,2026-04-15,22,0,0,0,22,2026-04-14 16:01:05+00:00
5f87137f4b61bb08c27356da,2026-04-15,441,84,111,222,24,2026-04-14 16:01:01+00:00
5f87137f4b61bb08c27356da,2026-04-15,347,33,70,169,75,2026-04-14 16:01:01+00:00
5f87137f4b61bb08c27356da,2026-04-15,42,0,0,0,42,2026-04-14 16:01:00+00:00
5f87137f4b61bb08c27356da,2026-04-15,418,33,91,244,50,2026-04-14 16:01:01+00:00
5f87137f4b61bb08c27356da,2026-04-15,404,38,116,234,16,2026-04-14 16:01:00+00:00
5f87137f4b61bb08c27356da,2026-04-15,437,54,70,228,85,2026-04-14 16:01:05+00:00
5f87137f4b61bb08c27356da,2026-04-15,240,35,82,105,18,2026-04-14 16:01:00+00:00
5f87137f4b61bb08c27356da,2026-04-15,278,26,22,188,42,2026-04-14 16:01:01+00:00
5f87137f4b61bb08c27356da,2026-04-15,392,35,70,265,22,2026-04-14 16:01:00+00:00
5f87137f4b61bb08c27356da,2026-04-15,192,22,20,148,2,2026-04-14 16:01:04+00:00
5f87137f4b61bb08c27356da,2026-04-15,332,54,66,202,10,2026-04-14 16:01:05+00:00
5f87137f4b61bb08c27356da,2026-04-15,345,20,83,232,10,2026-04-14 16:01:04+00:00
5f87137f4b61bb08c27356da,2026-04-15,186,35,33,114,4,2026-04-14 16:01:04+00:00
5f87137f4b61bb08c27356da,2026-04-15,336,26,78,224,8,2026-04-14 16:01:01+00:00
5f87137f4b61bb08c27356da,2026-04-15,456,65,101,256,34,2026-04-14 16:01:00+00:00
5f87137f4b61bb08c27356da,2026-04-15,307,24,99,180,4,2026-04-14 16:01:00+00:00
5f87137f4b61bb08c27356da,2026-04-15,16,0,0,0,16,2026-04-14 16:01:01+00:00
5f87137f4b61bb08c27356da,2026-04-15,349,66,68,196,19,2026-04-14 16:01:00+00:00
5f87137f4b61bb08c27356da,2026-04-15,522,34,138,302,48,2026-04-14 16:01:01+00:00
5f87137f4b61bb08c27356da,2026-04-15,8,0,0,0,8,2026-04-14 16:01:01+00:00
5f87137f4b61bb08c27356da,2026-04-15,347,23,95,212,17,2026-04-14 16:01:00+00:00
5f87137f4b61bb08c27356da,2026-04-15,451,72,91,269,19,2026-04-14 16:01:01+00:00
5f87137f4b61bb08c27356da,2026-04-15,23,0,0,0,23,2026-04-14 16:01:00+00:00
5f87137f4b61bb08c27356da,2026-04-15,2,0,0,0,2,2026-04-14 16:01:05+00:00
5f87137f4b61bb08c27356da,2026-04-15,233,20,25,176,12,2026-04-14 16:01:05+00:00
5f87137f4b61bb08c27356da,2026-04-15,462,36,104,285,37,2026-04-14 16:01:04+00:00
5f87137f4b61bb08c27356da,2026-04-15,414,33,60,300,21,2026-04-14 16:01:05+00:00
5f87137f4b61bb08c27356da,2026-04-15,418,46,91,267,14,2026-04-14 16:01:01+00:00
5f87137f4b61bb08c27356da,2026-04-15,452,32,110,269,41,2026-04-14 16:01:01+00:00
5f87137f4b61bb08c27356da,2026-04-15,261,64,56,135,6,2026-04-14 16:01:00+00:00
5f87137f4b61bb08c27356da,2026-04-15,420,21,62,291,46,2026-04-14 16:01:04+00:00
5f87137f4b61bb08c27356da,2026-04-15,0,0,0,0,0,2026-04-14 16:01:05+00:00
5f87137f4b61bb08c27356da,2026-04-15,2,0,0,0,2,2026-04-14 16:01:05+00:00
5f87137f4b61bb08c27356da,2026-04-15,36,0,0,0,36,2026-04-14 16:01:05+00:00
5f87137f4b61bb08c27356da,2026-04-15,471,28,111,283,49,2026-04-14 16:01:00+00:00
5f87137f4b61bb08c27356da,2026-04-15,418,46,105,246,21,2026-04-14 16:01:01+00:00
5f87137f4b61bb08c27356da,2026-04-15,238,34,48,148,8,2026-04-14 16:01:01+00:00
5f87137f4b61bb08c27356da,2026-04-15,566,49,118,329,70,2026-04-14 16:00:59+00:00
5f87137f4b61bb08c27356da,2026-04-15,379,24,77,261,17,2026-04-14 16:01:05+00:00
5f87137f4b61bb08c27356da,2026-04-15,9,0,0,0,9,2026-04-14 16:01:01+00:00
5f87137f4b61bb08c27356da,2026-04-15,13,0,0,0,13,2026-04-14 16:01:00+00:00
5f87137f4b61bb08c27356da,2026-04-15,488,33,123,270,62,2026-04-14 16:01:00+00:00
5f87137f4b61bb08c27356da,2026-04-15,405,24,81,174,126,2026-04-14 16:01:01+00:00
5f87137f4b61bb08c27356da,2026-04-15,258,10,22,201,25,2026-04-14 16:01:04+00:00
5f87137f4b61bb08c27356da,2026-04-15,7,0,0,0,7,2026-04-14 16:01:05+00:00
5f87137f4b61bb08c27356da,2026-04-15,4,0,0,0,4,2026-04-14 16:01:04+00:00
5f87137f4b61bb08c27356da,2026-04-15,361,33,52,196,80,2026-04-14 16:01:01+00:00
5f87137f4b61bb08c27356da,2026-04-15,24,0,0,0,24,2026-04-14 16:01:04+00:00
5f87137f4b61bb08c27356da,2026-04-15,397,36,115,183,63,2026-04-14 16:01:00+00:00
5f87137f4b61bb08c27356da,2026-04-15,1,0,0,0,1,2026-04-14 16:01:05+00:00
5f87137f4b61bb08c27356da,2026-04-15,381,38,85,240,18,2026-04-14 16:00:59+00:00
5f87137f4b61bb08c27356da,2026-04-15,456,37,98,299,22,2026-04-14 16:00:59+00:00
5f87137f4b61bb08c27356da,2026-04-15,410,53,53,262,42,2026-04-14 16:01:04+00:00
5f87137f4b61bb08c27356da,2026-04-15,428,31,98,260,39,2026-04-14 16:01:00+00:00
5f87137f4b61bb08c27356da,2026-04-15,290,15,49,220,6,2026-04-14 16:01:04+00:00
5f87137f4b61bb08c27356da,2026-04-15,464,44,127,270,23,2026-04-14 16:01:00+00:00
5f87137f4b61bb08c27356da,2026-04-15,322,46,61,196,19,2026-04-14 16:00:59+00:00
5f87137f4b61bb08c27356da,2026-04-15,355,38,72,187,58,2026-04-14 16:01:01+00:00
5f87137f4b61bb08c27356da,2026-04-15,255,33,69,150,3,2026-04-14 16:01:04+00:00
5f87137f4b61bb08c27356da,2026-04-15,305,28,39,234,4,2026-04-14 16:01:00+00:00
5f87137f4b61bb08c27356da,2026-04-15,2,0,0,0,2,2026-04-14 16:01:05+00:00
5f87137f4b61bb08c27356da,2026-04-15,246,64,56,126,0,2026-04-14 16:01:01+00:00
5f87137f4b61bb08c27356da,2026-04-15,213,42,11,146,14,2026-04-14 16:00:59+00:00
5f87137f4b61bb08c27356da,2026-04-15,366,43,63,236,24,2026-04-14 16:01:05+00:00
5f87137f4b61bb08c27356da,2026-04-15,385,49,107,206,23,2026-04-14 16:01:00+00:00
5f87137f4b61bb08c27356da,2026-04-15,352,40,25,230,57,2026-04-14 16:01:05+00:00
5f87137f4b61bb08c27356da,2026-04-15,470,42,116,217,95,2026-04-14 16:01:01+00:00
5f87137f4b61bb08c27356da,2026-04-15,280,66,56,145,13,2026-04-14 16:01:04+00:00
5f87137f4b61bb08c27356da,2026-04-15,425,41,85,224,75,2026-04-14 16:01:01+00:00
5f87137f4b61bb08c27356da,2026-04-15,496,21,86,309,80,2026-04-14 16:01:04+00:00
5f87137f4b61bb08c27356da,2026-04-15,458,24,69,287,78,2026-04-14 16:01:00+00:00
5f87137f4b61bb08c27356da,2026-04-15,458,27,126,283,22,2026-04-14 16:01:00+00:00
5f87137f4b61bb08c27356da,2026-04-15,248,34,45,163,6,2026-04-14 16:01:04+00:00
5f87137f4b61bb08c27356da,2026-04-15,10,0,0,0,10,2026-04-14 16:01:05+00:00
5f87137f4b61bb08c27356da,2026-04-15,407,26,69,199,113,2026-04-14 16:01:00+00:00
5f87137f4b61bb08c27356da,2026-04-15,479,37,90,309,43,2026-04-14 16:01:04+00:00
5f87137f4b61bb08c27356da,2026-04-15,14,0,0,0,14,2026-04-14 16:01:01+00:00
5f87137f4b61bb08c27356da,2026-04-15,409,64,60,240,45,2026-04-14 16:01:04+00:00
5f87137f4b61bb08c27356da,2026-04-15,523,14,140,334,35,2026-04-14 16:01:00+00:00
5f87137f4b61bb08c27356da,2026-04-15,22,0,0,0,22,2026-04-14 16:01:00+00:00
5f87137f4b61bb08c27356da,2026-04-15,460,31,112,299,18,2026-04-14 16:01:00+00:00
5f87137f4b61bb08c27356da,2026-04-15,263,24,19,197,23,2026-04-14 16:01:05+00:00
5f87137f4b61bb08c27356da,2026-04-15,5,0,0,0,5,2026-04-14 16:01:05+00:00
5f87137f4b61bb08c27356da,2026-04-15,428,41,105,253,29,2026-04-14 16:01:01+00:00
5f87137f4b61bb08c27356da,2026-04-15,5,0,0,0,5,2026-04-14 16:01:00+00:00
5f87137f4b61bb08c27356da,2026-04-15,428,45,114,219,50,2026-04-14 16:01:01+00:00
5f87137f4b61bb08c27356da,2026-04-15,383,51,66,245,21,2026-04-14 16:01:04+00:00
5f87137f4b61bb08c27356da,2026-04-15,410,46,98,240,26,2026-04-14 16:01:00+00:00
5f87137f4b61bb08c27356da,2026-04-15,50,0,0,0,50,2026-04-14 16:01:01+00:00
5f87137f4b61bb08c27356da,2026-04-15,8,0,0,0,8,2026-04-14 16:01:01+00:00
5f87137f4b61bb08c27356da,2026-04-15,211,57,56,86,12,2026-04-14 16:01:00+00:00
5f87137f4b61bb08c27356da,2026-04-15,7,0,0,0,7,2026-04-14 16:01:05+00:00
5f87137f4b61bb08c27356da,2026-04-15,415,45,95,242,33,2026-04-14 16:01:00+00:00
5f87137f4b61bb08c27356da,2026-04-15,499,55,78,226,140,2026-04-14 16:00:59+00:00
5f87137f4b61bb08c27356da,2026-04-15,1,0,0,0,1,2026-04-14 16:00:59+00:00
5f87137f4b61bb08c27356da,2026-04-15,255,31,61,145,18,2026-04-14 16:01:00+00:00
5f87137f4b61bb08c27356da,2026-04-15,495,60,92,222,121,2026-04-14 16:01:01+00:00
5f87137f4b61bb08c27356da,2026-04-15,420,27,68,316,9,2026-04-14 16:01:01+00:00
5f87137f4b61bb08c27356da,2026-04-15,471,33,155,241,42,2026-04-14 16:01:04+00:00
5f87137f4b61bb08c27356da,2026-04-15,372,25,57,245,45,2026-04-14 16:01:05+00:00
5f87137f4b61bb08c27356da,2026-04-15,439,26,124,260,29,2026-04-14 16:01:00+00:00
5f87137f4b61bb08c27356da,2026-04-15,348,44,75,219,10,2026-04-14 16:01:01+00:00
5f87137f4b61bb08c27356da,2026-04-15,441,42,90,203,106,2026-04-14 16:01:05+00:00
5f87137f4b61bb08c27356da,2026-04-15,2,0,0,0,2,2026-04-14 16:01:05+00:00
5f87137f4b61bb08c27356da,2026-04-15,472,64,123,243,42,2026-04-14 16:01:00+00:00
5f87137f4b61bb08c27356da,2026-04-15,383,33,90,236,24,2026-04-14 16:01:04+00:00
5f87137f4b61bb08c27356da,2026-04-15,6,0,0,0,6,2026-04-14 16:01:05+00:00
5f87137f4b61bb08c27356da,2026-04-15,329,41,58,201,29,2026-04-14 16:01:00+00:00
5f87137f4b61bb08c27356da,2026-04-15,3,0,0,0,3,2026-04-14 16:01:00+00:00
5f87137f4b61bb08c27356da,2026-04-15,405,39,88,212,66,2026-04-14 16:01:01+00:00
5f87137f4b61bb08c27356da,2026-04-15,4,0,0,0,4,2026-04-14 16:01:05+00:00
5f87137f4b61bb08c27356da,2026-04-15,278,37,60,177,4,2026-04-14 16:01:00+00:00
5f87137f4b61bb08c27356da,2026-04-15,8,0,0,0,8,2026-04-14 16:01:05+00:00
5f87137f4b61bb08c27356da,2026-04-15,8,0,0,0,8,2026-04-14 16:01:05+00:00
5f87137f4b61bb08c27356da,2026-04-15,748,61,155,368,164,2026-04-14 16:01:00+00:00
5f87137f4b61bb08c27356da,2026-04-15,430,49,105,245,31,2026-04-14 16:01:01+00:00
5f87137f4b61bb08c27356da,2026-04-15,392,22,32,235,103,2026-04-14 16:01:05+00:00
5f87137f4b61bb08c27356da,2026-04-15,258,31,66,161,0,2026-04-14 16:01:00+00:00
5f87137f4b61bb08c27356da,2026-04-15,241,40,28,169,4,2026-04-14 16:01:04+00:00
5f87137f4b61bb08c27356da,2026-04-15,224,26,28,170,0,2026-04-14 16:01:01+00:00
5f87137f4b61bb08c27356da,2026-04-15,406,43,79,272,12,2026-04-14 16:01:05+00:00
5f87137f4b61bb08c27356da,2026-04-15,283,18,62,183,20,2026-04-14 16:01:01+00:00
5f87137f4b61bb08c27356da,2026-04-15,477,36,96,229,116,2026-04-14 16:01:01+00:00
5f87137f4b61bb08c27356da,2026-04-15,382,33,76,245,28,2026-04-14 16:00:59+00:00
5f87137f4b61bb08c27356da,2026-04-15,0,0,0,0,0,2026-04-14 16:01:05+00:00
5f87137f4b61bb08c27356da,2026-04-15,535,39,143,303,50,2026-04-14 16:01:01+00:00
5f87137f4b61bb08c27356da,2026-04-15,0,0,0,0,0,2026-04-14 16:01:05+00:00
5f87137f4b61bb08c27356da,2026-04-15,5,0,0,0,5,2026-04-14 16:01:05+00:00
5f87137f4b61bb08c27356da,2026-04-15,327,35,67,212,13,2026-04-14 16:01:00+00:00
5f87137f4b61bb08c27356da,2026-04-15,17,0,0,0,17,2026-04-14 16:01:05+00:00
5f87137f4b61bb08c27356da,2026-04-15,251,47,44,142,18,2026-04-14 16:01:02+00:00
5f87137f4b61bb08c27356da,2026-04-15,14,0,0,0,14,2026-04-14 16:01:00+00:00
5f87137f4b61bb08c27356da,2026-04-15,411,41,111,249,10,2026-04-14 16:01:01+00:00
5f87137f4b61bb08c27356da,2026-04-15,232,48,32,143,9,2026-04-14 16:01:05+00:00
5f87137f4b61bb08c27356da,2026-04-15,330,28,59,236,7,2026-04-14 16:01:00+00:00
5f87137f4b61bb08c27356da,2026-04-15,326,33,40,238,15,2026-04-14 16:01:00+00:00
5f87137f4b61bb08c27356da,2026-04-15,8,0,0,0,8,2026-04-14 16:01:00+00:00
5f87137f4b61bb08c27356da,2026-04-15,16,0,0,0,16,2026-04-14 16:01:01+00:00
5f87137f4b61bb08c27356da,2026-04-15,313,33,65,180,35,2026-04-14 16:01:05+00:00
5f87137f4b61bb08c27356da,2026-04-15,285,52,53,158,22,2026-04-14 16:01:01+00:00
5f87137f4b61bb08c27356da,2026-04-15,582,49,12,307,214,2026-04-14 16:01:05+00:00
5f87137f4b61bb08c27356da,2026-04-15,290,35,42,182,31,2026-04-14 16:01:00+00:00
5f87137f4b61bb08c27356da,2026-04-15,381,40,67,214,60,2026-04-14 16:01:00+00:00
5f87137f4b61bb08c27356da,2026-04-15,279,46,35,186,12,2026-04-14 16:01:04+00:00
5f87137f4b61bb08c27356da,2026-04-15,6,0,0,0,6,2026-04-14 16:01:00+00:00
5f87137f4b61bb08c27356da,2026-04-15,5,0,0,0,5,2026-04-14 16:01:01+00:00
5f87137f4b61bb08c27356da,2026-04-15,363,24,50,263,26,2026-04-14 16:01:00+00:00
5f87137f4b61bb08c27356da,2026-04-15,5,0,0,0,5,2026-04-14 16:01:04+00:00
5f87137f4b61bb08c27356da,2026-04-15,369,41,94,208,26,2026-04-14 16:01:00+00:00
5f87137f4b61bb08c27356da,2026-04-15,320,32,31,229,28,2026-04-14 16:01:01+00:00
5f87137f4b61bb08c27356da,2026-04-15,440,51,97,273,19,2026-04-14 16:01:00+00:00
5f87137f4b61bb08c27356da,2026-04-15,309,48,73,181,7,2026-04-14 16:01:00+00:00
5f87137f4b61bb08c27356da,2026-04-15,4,0,0,0,4,2026-04-14 16:01:00+00:00
5f87137f4b61bb08c27356da,2026-04-15,317,66,66,169,16,2026-04-14 16:01:04+00:00
5f87137f4b61bb08c27356da,2026-04-15,426,51,116,237,22,2026-04-14 16:01:00+00:00
5f87137f4b61bb08c27356da,2026-04-15,337,40,49,228,20,2026-04-14 16:01:05+00:00
5f87137f4b61bb08c27356da,2026-04-15,5,0,0,0,5,2026-04-14 16:01:01+00:00
5f87137f4b61bb08c27356da,2026-04-15,452,39,145,257,11,2026-04-14 16:01:04+00:00
5f87137f4b61bb08c27356da,2026-04-15,456,27,109,305,15,2026-04-14 16:01:01+00:00
5f87137f4b61bb08c27356da,2026-04-15,399,35,55,282,27,2026-04-14 16:01:04+00:00
5f87137f4b61bb08c27356da,2026-04-15,352,30,30,240,52,2026-04-14 16:01:01+00:00
5f87137f4b61bb08c27356da,2026-04-15,376,74,112,176,14,2026-04-14 16:01:01+00:00
5f87137f4b61bb08c27356da,2026-04-15,428,55,112,244,17,2026-04-14 16:01:04+00:00
5f87137f4b61bb08c27356da,2026-04-15,201,45,0,140,16,2026-04-14 16:01:05+00:00
5f87137f4b61bb08c27356da,2026-04-15,270,44,80,135,11,2026-04-14 16:00:59+00:00
5f87137f4b61bb08c27356da,2026-04-15,188,29,23,127,9,2026-04-14 16:01:04+00:00
5f87137f4b61bb08c27356da,2026-04-15,306,44,65,194,3,2026-04-14 16:01:01+00:00
5f87137f4b61bb08c27356da,2026-04-15,528,33,51,379,65,2026-04-14 16:01:04+00:00
5f87137f4b61bb08c27356da,2026-04-15,259,37,42,169,11,2026-04-14 16:01:01+00:00
5f87137f4b61bb08c27356da,2026-04-15,2,0,0,0,2,2026-04-14 16:01:04+00:00
5f87137f4b61bb08c27356da,2026-04-15,471,59,111,275,26,2026-04-14 16:01:04+00:00
5f87137f4b61bb08c27356da,2026-04-15,356,57,70,216,13,2026-04-14 16:01:01+00:00
5f87137f4b61bb08c27356da,2026-04-15,340,42,69,221,8,2026-04-14 16:01:04+00:00
5f87137f4b61bb08c27356da,2026-04-15,237,27,40,142,28,2026-04-14 16:01:05+00:00
5f87137f4b61bb08c27356da,2026-04-15,333,42,86,205,0,2026-04-14 16:01:00+00:00
5f87137f4b61bb08c27356da,2026-04-15,443,31,124,267,21,2026-04-14 16:01:00+00:00
5f87137f4b61bb08c27356da,2026-04-15,484,26,137,289,32,2026-04-14 16:00:59+00:00
5f87137f4b61bb08c27356da,2026-04-15,408,36,81,245,46,2026-04-14 16:01:04+00:00
5f87137f4b61bb08c27356da,2026-04-15,395,24,100,230,41,2026-04-14 16:01:04+00:00
5f87137f4b61bb08c27356da,2026-04-15,409,41,76,203,89,2026-04-14 16:01:05+00:00
5f87137f4b61bb08c27356da,2026-04-15,354,41,95,213,5,2026-04-14 16:01:05+00:00
5f87137f4b61bb08c27356da,2026-04-15,453,26,138,278,11,2026-04-14 16:01:00+00:00
5f87137f4b61bb08c27356da,2026-04-15,230,49,68,112,1,2026-04-14 16:01:04+00:00
5f87137f4b61bb08c27356da,2026-04-15,18,0,0,0,18,2026-04-14 16:01:00+00:00
5f87137f4b61bb08c27356da,2026-04-15,12,0,0,0,12,2026-04-14 16:01:05+00:00
5f87137f4b61bb08c27356da,2026-04-15,48,0,0,0,48,2026-04-14 16:01:00+00:00
5f87137f4b61bb08c27356da,2026-04-15,351,53,54,228,16,2026-04-14 16:01:05+00:00
5f87137f4b61bb08c27356da,2026-04-15,2,0,0,0,2,2026-04-14 16:01:04+00:00
5f87137f4b61bb08c27356da,2026-04-15,6,0,0,0,6,2026-04-14 16:01:04+00:00
5f87137f4b61bb08c27356da,2026-04-15,3,0,0,0,3,2026-04-14 16:01:05+00:00
5f87137f4b61bb08c27356da,2026-04-15,438,34,104,274,26,2026-04-14 16:01:01+00:00
5f87137f4b61bb08c27356da,2026-04-15,417,22,93,287,15,2026-04-14 16:01:05+00:00
5f87137f4b61bb08c27356da,2026-04-15,345,26,62,207,50,2026-04-14 16:01:01+00:00
5f87137f4b61bb08c27356da,2026-04-15,374,24,56,275,19,2026-04-14 16:01:04+00:00
5f87137f4b61bb08c27356da,2026-04-15,471,70,125,232,44,2026-04-14 16:01:01+00:00
5f87137f4b61bb08c27356da,2026-04-15,494,42,108,278,66,2026-04-14 16:01:01+00:00
5f87137f4b61bb08c27356da,2026-04-15,319,64,71,174,10,2026-04-14 16:01:05+00:00
5f87137f4b61bb08c27356da,2026-04-15,360,24,92,220,24,2026-04-14 16:01:01+00:00
5f87137f4b61bb08c27356da,2026-04-15,19,0,0,0,19,2026-04-14 16:01:05+00:00
5f87137f4b61bb08c27356da,2026-04-15,12,0,0,0,12,2026-04-14 16:01:01+00:00
5f87137f4b61bb08c27356da,2026-04-15,685,42,161,364,118,2026-04-14 16:01:00+00:00
5f87137f4b61bb08c27356da,2026-04-15,387,35,106,234,12,2026-04-14 16:01:00+00:00
5f87137f4b61bb08c27356da,2026-04-15,393,28,90,221,54,2026-04-14 16:01:00+00:00
5f87137f4b61bb08c27356da,2026-04-15,402,49,76,258,19,2026-04-14 16:01:00+00:00
5f87137f4b61bb08c27356da,2026-04-15,452,28,34,259,131,2026-04-14 16:01:04+00:00
5f87137f4b61bb08c27356da,2026-04-15,16,0,0,0,16,2026-04-14 16:01:00+00:00
5f87137f4b61bb08c27356da,2026-04-15,386,24,77,259,26,2026-04-14 16:00:59+00:00
5f87137f4b61bb08c27356da,2026-04-15,250,42,90,110,8,2026-04-14 16:01:00+00:00
5f87137f4b61bb08c27356da,2026-04-15,190,41,20,123,6,2026-04-14 16:01:01+00:00
5f87137f4b61bb08c27356da,2026-04-15,2,0,0,0,2,2026-04-14 16:01:01+00:00
5f87137f4b61bb08c27356da,2026-04-15,377,41,38,161,137,2026-04-14 16:01:01+00:00
5f87137f4b61bb08c27356da,2026-04-15,273,38,12,206,17,2026-04-14 16:01:05+00:00
5f87137f4b61bb08c27356da,2026-04-15,8,0,0,0,8,2026-04-14 16:01:04+00:00
5f87137f4b61bb08c27356da,2026-04-15,394,29,104,247,14,2026-04-14 16:01:00+00:00
5f87137f4b61bb08c27356da,2026-04-15,2,0,0,0,2,2026-04-14 16:01:00+00:00
5f87137f4b61bb08c27356da,2026-04-15,228,34,38,145,11,2026-04-14 16:00:59+00:00
5f87137f4b61bb08c27356da,2026-04-15,13,0,0,0,13,2026-04-14 16:01:01+00:00
5f87137f4b61bb08c27356da,2026-04-15,108,0,0,0,108,2026-04-14 16:01:04+00:00
5f87137f4b61bb08c27356da,2026-04-15,1,0,0,0,1,2026-04-14 16:01:05+00:00
5f87137f4b61bb08c27356da,2026-04-15,20,0,0,0,20,2026-04-14 16:01:05+00:00
5f87137f4b61bb08c27356da,2026-04-15,537,61,117,318,41,2026-04-14 16:01:01+00:00
5ffc532c7e23857eead7f319,2026-07-08,291,70,45,147,29,2026-07-06 18:59:13+00:00
5ffc532c7e23857eead7f319,2026-07-08,378,51,53,228,46,2026-07-06 18:59:13+00:00
5ffc532c7e23857eead7f319,2026-07-08,299,62,72,142,23,2026-07-06 18:59:13+00:00
5ffc532c7e23857eead7f319,2026-07-08,289,34,52,174,29,2026-07-06 18:59:13+00:00
5ffc532c7e23857eead7f319,2026-07-08,337,46,58,201,32,2026-07-06 18:59:13+00:00
5ffc532c7e23857eead7f319,2026-07-08,443,78,96,235,34,2026-07-06 18:59:13+00:00
5ffc532c7e23857eead7f319,2026-07-08,413,42,91,244,36,2026-07-06 18:59:13+00:00
5ffc532c7e23857eead7f319,2026-07-08,384,39,54,237,54,2026-07-06 18:59:13+00:00
5ffc532c7e23857eead7f319,2026-07-08,352,70,90,165,27,2026-07-06 18:59:13+00:00
5ffc532c7e23857eead7f319,2026-07-08,327,40,46,211,30,2026-07-06 18:59:13+00:00
5ffc532c7e23857eead7f319,2026-07-08,342,58,45,202,37,2026-07-06 18:59:13+00:00
5ffc532c7e23857eead7f319,2026-07-08,305,58,25,195,27,2026-07-06 18:59:13+00:00
5ffc532c7e23857eead7f319,2026-07-08,370,51,56,230,33,2026-07-06 18:59:13+00:00
5ffc532c7e23857eead7f319,2026-07-08,371,50,22,271,28,2026-07-06 18:59:13+00:00
5ffc532c7e23857eead7f319,2026-07-08,393,59,60,234,40,2026-07-06 18:59:13+00:00
5ffc532c7e23857eead7f319,2026-07-08,395,69,53,226,47,2026-07-06 18:59:13+00:00
5ffc532c7e23857eead7f319,2026-07-08,394,49,59,252,34,2026-07-06 18:59:13+00:00
5ffc532c7e23857eead7f319,2026-07-08,394,49,72,231,42,2026-07-06 18:59:13+00:00
5ffc532c7e23857eead7f319,2026-07-08,385,61,52,230,42,2026-07-06 18:59:13+00:00
5ffc532c7e23857eead7f319,2026-07-08,409,40,61,262,46,2026-07-06 18:59:13+00:00
5ffc532c7e23857eead7f319,2026-07-08,249,43,26,117,63,2026-07-06 18:59:13+00:00
5ffc532c7e23857eead7f319,2026-07-08,378,43,47,231,57,2026-07-06 18:59:13+00:00
5ffc532c7e23857eead7f319,2026-07-08,388,69,53,236,30,2026-07-06 18:59:13+00:00
5ffc532c7e23857eead7f319,2026-07-08,383,51,99,213,20,2026-07-06 18:59:13+00:00
5ffc532c7e23857eead7f319,2026-07-08,421,57,82,250,32,2026-07-06 18:59:13+00:00
5ffc532c7e23857eead7f319,2026-07-08,353,69,63,202,19,2026-07-06 18:59:13+00:00
5ffc532c7e23857eead7f319,2026-07-08,341,66,31,229,15,2026-07-06 18:59:13+00:00
5ffc532c7e23857eead7f319,2026-07-08,342,63,47,202,30,2026-07-06 18:59:13+00:00
5ffc532c7e23857eead7f319,2026-07-08,401,57,81,228,35,2026-07-06 18:59:13+00:00
5ffc532c7e23857eead7f319,2026-07-08,299,33,61,171,34,2026-07-06 18:59:13+00:00
61880fb658bf5177d11baf27,2026-06-23,440,47,108,280,5,2026-06-22 13:00:19+00:00
61880fb658bf5177d11baf27,2026-06-23,546,57,110,361,18,2026-06-22 13:00:19+00:00
61880fb658bf5177d11baf27,2026-06-23,390,49,92,234,15,2026-06-22 13:00:19+00:00
61880fb658bf5177d11baf27,2026-06-23,411,31,99,268,13,2026-06-22 13:00:19+00:00
61880fb658bf5177d11baf27,2026-06-23,462,39,140,279,4,2026-06-22 13:00:19+00:00
61880fb658bf5177d11baf27,2026-06-23,395,44,107,241,3,2026-06-22 13:00:19+00:00
61880fb658bf5177d11baf27,2026-06-23,408,31,107,256,14,2026-06-22 13:00:19+00:00
61880fb658bf5177d11baf27,2026-06-23,420,29,77,300,14,2026-06-22 13:00:19+00:00
61880fb658bf5177d11baf27,2026-06-23,453,45,112,276,20,2026-06-22 13:00:19+00:00
61880fb658bf5177d11baf27,2026-06-13,542,52,166,299,25,2026-06-12 10:17:57+00:00
61880fb658bf5177d11baf27,2026-06-13,341,36,90,197,18,2026-06-12 10:17:57+00:00
61880fb658bf5177d11baf27,2026-06-13,309,39,87,179,4,2026-06-12 10:17:57+00:00
61880fb658bf5177d11baf27,2026-06-13,263,32,49,165,17,2026-06-12 10:17:56+00:00
61880fb658bf5177d11baf27,2026-06-13,452,34,94,319,5,2026-06-12 10:17:56+00:00
61880fb658bf5177d11baf27,2026-06-13,384,45,72,257,10,2026-06-12 10:17:57+00:00
61880fb658bf5177d11baf27,2026-06-13,429,39,103,279,8,2026-06-12 10:17:56+00:00
61880fb658bf5177d11baf27,2026-06-13,442,27,47,360,8,2026-06-12 10:17:56+00:00
61880fb658bf5177d11baf27,2026-06-13,373,31,77,258,7,2026-06-12 10:17:57+00:00
61880fb658bf5177d11baf27,2026-06-13,369,31,122,213,3,2026-06-12 10:17:56+00:00
61880fb658bf5177d11baf27,2026-06-13,446,37,102,303,4,2026-06-12 10:17:55+00:00
61880fb658bf5177d11baf27,2026-06-13,518,46,140,321,11,2026-06-12 10:17:57+00:00
61880fb658bf5177d11baf27,2026-06-13,349,31,61,248,9,2026-06-12 10:17:57+00:00
61880fb658bf5177d11baf27,2026-06-13,433,39,128,244,22,2026-06-12 10:17:56+00:00
61880fb658bf5177d11baf27,2026-06-13,454,33,152,262,7,2026-06-12 10:17:56+00:00
61880fb658bf5177d11baf27,2026-06-13,409,31,121,253,4,2026-06-12 10:17:57+00:00
61880fb658bf5177d11baf27,2026-06-13,287,47,40,178,22,2026-06-12 10:17:57+00:00
61880fb658bf5177d11baf27,2026-06-13,432,37,112,280,3,2026-06-12 10:17:56+00:00
61880fb658bf5177d11baf27,2026-06-13,389,29,87,272,1,2026-06-12 10:17:57+00:00
61880fb658bf5177d11baf27,2026-06-13,421,27,109,280,5,2026-06-12 10:17:57+00:00
61880fb658bf5177d11baf27,2026-06-13,482,36,136,299,11,2026-06-12 10:17:56+00:00
61880fb658bf5177d11baf27,2026-06-13,412,27,104,264,17,2026-06-12 10:17:56+00:00
61880fb658bf5177d11baf27,2026-06-13,447,25,129,289,4,2026-06-12 10:17:56+00:00
61880fb658bf5177d11baf27,2026-06-13,412,34,117,252,9,2026-06-12 10:17:56+00:00
61880fb658bf5177d11baf27,2026-06-13,339,47,62,218,12,2026-06-12 10:17:55+00:00
61880fb658bf5177d11baf27,2026-06-13,448,43,122,278,5,2026-06-12 10:17:55+00:00
61880fb658bf5177d11baf27,2026-06-13,355,40,61,242,12,2026-06-12 10:17:55+00:00
61880fb658bf5177d11baf27,2026-06-13,458,43,149,259,7,2026-06-12 10:17:56+00:00
61880fb658bf5177d11baf27,2026-06-13,401,25,78,279,19,2026-06-12 10:17:56+00:00
61880fb658bf5177d11baf27,2026-06-13,341,38,99,200,4,2026-06-12 10:17:57+00:00
61880fb658bf5177d11baf27,2026-06-13,440,34,69,267,70,2026-06-12 10:17:57+00:00
61880fb658bf5177d11baf27,2026-06-13,416,30,87,288,11,2026-06-12 10:17:57+00:00
61880fb658bf5177d11baf27,2026-06-13,462,44,158,257,3,2026-06-12 10:17:55+00:00
61880fb658bf5177d11baf27,2026-06-13,392,30,105,256,1,2026-06-12 10:17:56+00:00
61880fb658bf5177d11baf27,2026-06-13,424,34,107,264,19,2026-06-12 10:17:56+00:00
61880fb658bf5177d11baf27,2026-06-13,341,23,73,243,2,2026-06-12 10:17:56+00:00
61880fb658bf5177d11baf27,2026-06-13,479,39,113,312,15,2026-06-12 10:17:57+00:00
61880fb658bf5177d11baf27,2026-06-13,462,72,110,258,22,2026-06-12 10:17:55+00:00
61880fb658bf5177d11baf27,2026-06-13,387,54,92,234,7,2026-06-12 10:17:56+00:00
61880fb658bf5177d11baf27,2026-06-13,265,41,42,174,8,2026-06-12 10:17:55+00:00
61880fb658bf5177d11baf27,2026-06-13,392,52,82,247,11,2026-06-12 10:17:56+00:00
61880fb658bf5177d11baf27,2026-06-13,556,26,77,334,119,2026-06-12 10:17:56+00:00
61880fb658bf5177d11baf27,2026-06-13,355,42,81,216,16,2026-06-12 10:17:57+00:00
61880fb658bf5177d11baf27,2026-06-13,474,37,115,308,14,2026-06-12 10:17:57+00:00
61880fb658bf5177d11baf27,2026-06-13,471,37,115,314,5,2026-06-12 10:17:57+00:00
61880fb658bf5177d11baf27,2026-06-13,507,28,116,357,6,2026-06-12 10:17:56+00:00
61880fb658bf5177d11baf27,2026-06-13,412,28,77,297,10,2026-06-12 10:17:55+00:00
61880fb658bf5177d11baf27,2026-06-13,367,31,103,220,13,2026-06-12 10:17:56+00:00
61880fb658bf5177d11baf27,2026-06-13,493,34,140,267,52,2026-06-12 10:17:57+00:00
61880fb658bf5177d11baf27,2026-06-13,485,38,113,319,15,2026-06-12 10:17:56+00:00
61880fb658bf5177d11baf27,2026-06-13,378,53,107,214,4,2026-06-12 10:17:57+00:00
61880fb658bf5177d11baf27,2026-06-13,427,28,101,291,7,2026-06-12 10:17:55+00:00
61880fb658bf5177d11baf27,2026-06-13,407,28,127,244,8,2026-06-12 10:17:56+00:00
61880fb658bf5177d11baf27,2026-06-13,400,43,85,269,3,2026-06-12 10:17:56+00:00
61880fb658bf5177d11baf27,2026-06-13,418,35,108,268,7,2026-06-12 10:17:56+00:00
61880fb658bf5177d11baf27,2026-06-13,450,52,85,281,32,2026-06-12 10:17:55+00:00
61880fb658bf5177d11baf27,2026-06-13,490,35,112,334,9,2026-06-12 10:17:56+00:00
61880fb658bf5177d11baf27,2026-06-13,385,35,104,237,9,2026-06-12 10:17:57+00:00
61880fb658bf5177d11baf27,2026-06-13,425,35,111,270,9,2026-06-12 10:17:55+00:00
61880fb658bf5177d11baf27,2026-06-13,303,27,77,187,12,2026-06-12 10:17:55+00:00
61880fb658bf5177d11baf27,2026-06-13,443,40,72,296,35,2026-06-12 10:17:56+00:00
61880fb658bf5177d11baf27,2026-06-13,520,37,96,343,44,2026-06-12 10:17:55+00:00
61880fb658bf5177d11baf27,2026-06-13,405,41,111,249,4,2026-06-12 10:17:56+00:00
61880fb658bf5177d11baf27,2026-06-13,411,45,106,255,5,2026-06-12 10:17:57+00:00
61880fb658bf5177d11baf27,2026-06-13,427,30,85,286,26,2026-06-12 10:17:57+00:00
61880fb658bf5177d11baf27,2026-06-13,440,33,101,300,6,2026-06-12 10:17:55+00:00
61880fb658bf5177d11baf27,2026-06-13,461,49,103,272,37,2026-06-12 10:17:56+00:00
61880fb658bf5177d11baf27,2026-06-13,520,29,120,350,21,2026-06-12 10:17:57+00:00
61880fb658bf5177d11baf27,2026-06-13,425,34,129,251,11,2026-06-12 10:17:56+00:00
61880fb658bf5177d11baf27,2026-06-13,441,25,108,300,8,2026-06-12 10:17:55+00:00
61880fb658bf5177d11baf27,2026-06-13,487,24,166,286,11,2026-06-12 10:17:57+00:00
61880fb658bf5177d11baf27,2026-06-13,456,34,134,281,7,2026-06-12 10:17:55+00:00
61880fb658bf5177d11baf27,2026-06-13,382,41,67,272,2,2026-06-12 10:17:57+00:00
61880fb658bf5177d11baf27,2026-06-13,361,25,94,241,1,2026-06-12 10:17:57+00:00
61880fb658bf5177d11baf27,2026-06-13,363,28,87,244,4,2026-06-12 10:17:56+00:00
61880fb658bf5177d11baf27,2026-06-13,412,44,138,224,6,2026-06-12 10:17:57+00:00
61880fb658bf5177d11baf27,2026-06-13,417,43,102,265,7,2026-06-12 10:17:57+00:00
61880fb658bf5177d11baf27,2026-06-13,404,34,87,272,11,2026-06-12 10:17:57+00:00
61880fb658bf5177d11baf27,2026-06-13,286,12,40,196,38,2026-06-12 10:17:55+00:00
61880fb658bf5177d11baf27,2026-06-13,476,40,114,310,12,2026-06-12 10:17:56+00:00
61880fb658bf5177d11baf27,2026-06-13,486,40,152,279,15,2026-06-12 10:17:57+00:00
61880fb658bf5177d11baf27,2026-06-13,488,38,129,303,18,2026-06-12 10:17:56+00:00
61880fb658bf5177d11baf27,2026-06-13,427,36,119,253,19,2026-06-12 10:17:55+00:00
61880fb658bf5177d11baf27,2026-06-13,492,36,103,308,45,2026-06-12 10:17:57+00:00
61880fb658bf5177d11baf27,2026-06-13,574,23,147,389,15,2026-06-12 10:17:57+00:00
61880fb658bf5177d11baf27,2026-06-13,379,49,100,228,2,2026-06-12 10:17:57+00:00
61880fb658bf5177d11baf27,2026-06-13,428,48,100,275,5,2026-06-12 10:17:57+00:00
61880fb658bf5177d11baf27,2026-06-13,479,36,141,300,2,2026-06-12 10:17:56+00:00
61880fb658bf5177d11baf27,2026-06-13,373,36,115,220,2,2026-06-12 10:17:57+00:00
61880fb658bf5177d11baf27,2026-06-13,368,13,85,217,53,2026-06-12 10:17:56+00:00
61880fb658bf5177d11baf27,2026-06-13,522,35,84,291,112,2026-06-12 10:17:57+00:00
61880fb658bf5177d11baf27,2026-06-13,487,29,124,312,22,2026-06-12 10:17:57+00:00
61880fb658bf5177d11baf27,2026-06-13,324,55,84,179,6,2026-06-12 10:17:57+00:00
61880fb658bf5177d11baf27,2026-06-13,414,27,105,269,13,2026-06-12 10:17:57+00:00
61880fb658bf5177d11baf27,2026-06-13,395,30,87,240,38,2026-06-12 10:17:56+00:00
61880fb658bf5177d11baf27,2026-06-13,414,23,98,280,13,2026-06-12 10:17:55+00:00
61880fb658bf5177d11baf27,2026-06-13,393,27,98,261,7,2026-06-12 10:17:56+00:00
61880fb658bf5177d11baf27,2026-06-13,371,24,97,247,3,2026-06-12 10:17:56+00:00
61880fb658bf5177d11baf27,2026-06-13,528,42,136,328,22,2026-06-12 10:17:57+00:00
61880fb658bf5177d11baf27,2026-06-13,258,37,45,147,29,2026-06-12 10:17:56+00:00
61880fb658bf5177d11baf27,2026-06-13,403,52,102,221,28,2026-06-12 10:17:56+00:00
61880fb658bf5177d11baf27,2026-06-13,417,31,120,257,9,2026-06-12 10:17:55+00:00
61880fb658bf5177d11baf27,2026-06-13,396,38,126,230,2,2026-06-12 10:17:56+00:00
61880fb658bf5177d11baf27,2026-06-13,345,28,53,252,12,2026-06-12 10:17:57+00:00
61880fb658bf5177d11baf27,2026-06-13,353,25,82,234,12,2026-06-12 10:17:56+00:00
61880fb658bf5177d11baf27,2026-06-13,461,35,106,310,10,2026-06-12 10:17:56+00:00
61880fb658bf5177d11baf27,2026-06-13,414,30,99,282,3,2026-06-12 10:17:56+00:00
61880fb658bf5177d11baf27,2026-06-13,479,35,90,348,6,2026-06-12 10:17:56+00:00
61880fb658bf5177d11baf27,2026-06-13,404,25,126,251,2,2026-06-12 10:17:56+00:00
61880fb658bf5177d11baf27,2026-06-13,462,42,132,264,24,2026-06-12 10:17:56+00:00
61880fb658bf5177d11baf27,2026-06-13,402,22,103,266,11,2026-06-12 10:17:56+00:00
61880fb658bf5177d11baf27,2026-06-13,412,31,86,284,11,2026-06-12 10:17:57+00:00
61880fb658bf5177d11baf27,2026-06-13,493,30,116,311,36,2026-06-12 10:17:57+00:00
61880fb658bf5177d11baf27,2026-06-13,388,31,76,273,8,2026-06-12 10:17:56+00:00
61880fb658bf5177d11baf27,2026-06-13,498,33,155,298,12,2026-06-12 10:17:57+00:00
61880fb658bf5177d11baf27,2026-06-13,278,48,35,177,18,2026-06-12 10:17:57+00:00
61880fb658bf5177d11baf27,2026-06-13,439,50,88,285,16,2026-06-12 10:17:55+00:00
61880fb658bf5177d11baf27,2026-06-13,448,36,130,280,2,2026-06-12 10:17:57+00:00
61880fb658bf5177d11baf27,2026-06-13,504,29,103,356,16,2026-06-12 10:17:57+00:00
61880fb658bf5177d11baf27,2026-06-13,354,54,87,186,27,2026-06-12 10:17:55+00:00
61880fb658bf5177d11baf27,2026-06-13,506,23,128,334,21,2026-06-12 10:17:57+00:00
61880fb658bf5177d11baf27,2026-06-13,360,35,94,226,5,2026-06-12 10:17:55+00:00
61880fb658bf5177d11baf27,2026-06-13,394,54,110,226,4,2026-06-12 10:17:55+00:00
61880fb658bf5177d11baf27,2026-06-13,361,48,59,245,9,2026-06-12 10:17:56+00:00
61880fb658bf5177d11baf27,2026-06-13,407,53,101,247,6,2026-06-12 10:17:56+00:00
61880fb658bf5177d11baf27,2026-06-13,351,42,106,201,2,2026-06-12 10:17:55+00:00
61880fb658bf5177d11baf27,2026-06-13,462,24,91,335,12,2026-06-12 10:17:56+00:00
61880fb658bf5177d11baf27,2026-06-13,425,25,108,276,16,2026-06-12 10:17:55+00:00
61880fb658bf5177d11baf27,2026-06-13,399,24,124,237,14,2026-06-12 10:17:56+00:00
61880fb658bf5177d11baf27,2026-06-13,461,35,129,282,15,2026-06-12 10:17:55+00:00
61880fb658bf5177d11baf27,2026-06-13,447,44,128,259,16,2026-06-12 10:17:55+00:00
61880fb658bf5177d11baf27,2026-06-13,421,53,129,221,18,2026-06-12 10:17:55+00:00
61880fb658bf5177d11baf27,2026-06-13,398,32,56,261,49,2026-06-12 10:17:55+00:00
61880fb658bf5177d11baf27,2026-06-13,507,24,138,317,28,2026-06-12 10:17:57+00:00
61880fb658bf5177d11baf27,2026-06-13,349,22,75,233,19,2026-06-12 10:17:56+00:00
61880fb658bf5177d11baf27,2026-06-13,446,32,97,307,10,2026-06-12 10:17:56+00:00
61880fb658bf5177d11baf27,2026-06-13,378,25,91,248,14,2026-06-12 10:17:57+00:00
61880fb658bf5177d11baf27,2026-06-13,0,0,0,0,0,2026-06-12 10:17:56+00:00
61880fb658bf5177d11baf27,2026-06-13,275,42,63,166,4,2026-06-12 10:17:56+00:00
61880fb658bf5177d11baf27,2026-06-13,427,62,95,257,13,2026-06-12 10:17:57+00:00
61880fb658bf5177d11baf27,2026-06-13,403,28,113,256,6,2026-06-12 10:17:55+00:00
61880fb658bf5177d11baf27,2026-06-13,440,23,134,276,7,2026-06-12 10:17:55+00:00
61880fb658bf5177d11baf27,2026-06-13,316,29,126,156,5,2026-06-12 10:17:56+00:00
61880fb658bf5177d11baf27,2026-06-13,469,28,144,296,1,2026-06-12 10:17:55+00:00
61880fb658bf5177d11baf27,2026-06-13,558,37,153,360,8,2026-06-12 10:17:56+00:00
61880fb658bf5177d11baf27,2026-06-13,357,57,100,175,25,2026-06-12 10:17:55+00:00
61880fb658bf5177d11baf27,2026-06-13,421,27,104,260,30,2026-06-12 10:17:57+00:00
61880fb658bf5177d11baf27,2026-06-13,480,26,121,306,27,2026-06-12 10:17:57+00:00
61880fb658bf5177d11baf27,2026-06-13,368,32,79,249,8,2026-06-12 10:17:56+00:00
61880fb658bf5177d11baf27,2026-06-13,427,26,93,257,51,2026-06-12 10:17:57+00:00
61880fb658bf5177d11baf27,2026-06-13,333,25,86,221,1,2026-06-12 10:17:57+00:00
61880fb658bf5177d11baf27,2026-06-13,398,36,89,258,15,2026-06-12 10:17:57+00:00
61880fb658bf5177d11baf27,2026-06-13,383,29,88,246,20,2026-06-12 10:17:55+00:00
61880fb658bf5177d11baf27,2026-06-13,443,33,70,337,3,2026-06-12 10:17:56+00:00
61880fb658bf5177d11baf27,2026-06-13,449,33,91,315,10,2026-06-12 10:17:56+00:00
61880fb658bf5177d11baf27,2026-06-13,386,33,120,229,4,2026-06-12 10:17:56+00:00
61880fb658bf5177d11baf27,2026-06-13,482,44,111,322,5,2026-06-12 10:17:57+00:00
61880fb658bf5177d11baf27,2026-06-13,393,25,85,271,12,2026-06-12 10:17:55+00:00
61880fb658bf5177d11baf27,2026-06-13,485,29,122,320,14,2026-06-12 10:17:56+00:00
61880fb658bf5177d11baf27,2026-06-13,442,28,102,296,16,2026-06-12 10:17:56+00:00
61880fb658bf5177d11baf27,2026-06-13,448,52,126,269,1,2026-06-12 10:17:57+00:00
626747a5ecb90cdad39851fd,2026-07-30,388,62,80,220,26,2026-07-29 09:54:07+00:00
626747a5ecb90cdad39851fd,2026-07-30,513,39,106,293,75,2026-07-29 09:54:07+00:00
626747a5ecb90cdad39851fd,2026-07-30,480,21,126,294,39,2026-07-29 09:54:07+00:00
626747a5ecb90cdad39851fd,2026-07-30,404,32,77,268,27,2026-07-29 09:54:07+00:00
626747a5ecb90cdad39851fd,2026-07-30,461,78,87,279,17,2026-07-29 09:54:07+00:00
626747a5ecb90cdad39851fd,2026-07-30,374,30,92,207,45,2026-07-29 09:54:07+00:00
626747a5ecb90cdad39851fd,2026-07-30,446,35,81,298,32,2026-07-29 09:54:07+00:00
626747a5ecb90cdad39851fd,2026-07-30,396,57,108,220,11,2026-07-29 09:54:06+00:00
626747a5ecb90cdad39851fd,2026-07-30,309,25,34,216,34,2026-07-29 09:54:06+00:00
626747a5ecb90cdad39851fd,2026-07-30,385,44,94,221,26,2026-07-29 09:54:07+00:00
626747a5ecb90cdad39851fd,2026-07-30,427,35,96,285,11,2026-07-29 09:54:07+00:00
626747a5ecb90cdad39851fd,2026-07-30,469,47,89,300,33,2026-07-29 09:54:07+00:00
626747a5ecb90cdad39851fd,2026-07-30,479,26,88,308,57,2026-07-29 09:54:07+00:00
626747a5ecb90cdad39851fd,2026-07-30,448,33,111,263,41,2026-07-29 09:54:07+00:00
626747a5ecb90cdad39851fd,2026-07-30,415,40,101,251,23,2026-07-29 09:54:06+00:00
626747a5ecb90cdad39851fd,2026-07-30,469,55,82,294,38,2026-07-29 09:54:06+00:00
626747a5ecb90cdad39851fd,2026-07-30,431,17,64,300,50,2026-07-29 09:54:07+00:00
626747a5ecb90cdad39851fd,2026-07-30,444,44,126,253,21,2026-07-29 09:54:07+00:00
626747a5ecb90cdad39851fd,2026-07-30,408,62,72,244,30,2026-07-29 09:54:06+00:00
626747a5ecb90cdad39851fd,2026-07-30,461,40,67,296,58,2026-07-29 09:54:07+00:00
626747a5ecb90cdad39851fd,2026-07-30,444,25,61,295,63,2026-07-29 09:54:06+00:00
626747a5ecb90cdad39851fd,2026-07-30,437,36,108,276,17,2026-07-29 09:54:07+00:00
626747a5ecb90cdad39851fd,2026-07-30,502,31,104,298,69,2026-07-29 09:54:06+00:00
626747a5ecb90cdad39851fd,2026-07-30,411,54,91,243,23,2026-07-29 09:54:07+00:00
626747a5ecb90cdad39851fd,2026-07-30,518,24,130,334,30,2026-07-29 09:54:07+00:00
626747a5ecb90cdad39851fd,2026-07-30,415,44,94,259,18,2026-07-29 09:54:07+00:00
626747a5ecb90cdad39851fd,2026-07-30,438,44,122,258,14,2026-07-29 09:54:07+00:00
626747a5ecb90cdad39851fd,2026-07-30,378,45,84,217,32,2026-07-29 09:54:06+00:00
626747a5ecb90cdad39851fd,2026-07-30,360,26,64,246,24,2026-07-29 09:54:07+00:00
626747a5ecb90cdad39851fd,2026-07-30,500,23,106,322,49,2026-07-29 09:54:07+00:00
626747a5ecb90cdad39851fd,2026-07-30,375,26,62,249,38,2026-07-29 09:54:07+00:00
626747a5ecb90cdad39851fd,2026-07-30,322,6,53,162,101,2026-07-29 09:54:07+00:00
626747a5ecb90cdad39851fd,2026-07-30,528,25,94,361,48,2026-07-29 09:54:06+00:00
626747a5ecb90cdad39851fd,2026-07-30,480,57,103,294,26,2026-07-29 09:54:07+00:00
626747a5ecb90cdad39851fd,2026-07-30,393,26,81,248,38,2026-07-29 09:54:06+00:00
626747a5ecb90cdad39851fd,2026-07-30,350,33,68,208,41,2026-07-29 09:54:06+00:00
626747a5ecb90cdad39851fd,2026-07-30,412,48,100,219,45,2026-07-29 09:54:07+00:00
626747a5ecb90cdad39851fd,2026-07-30,460,39,65,304,52,2026-07-29 09:54:07+00:00
626747a5ecb90cdad39851fd,2026-07-30,404,3,81,288,32,2026-07-29 09:54:06+00:00
626747a5ecb90cdad39851fd,2026-07-30,445,30,128,242,45,2026-07-29 09:54:06+00:00
626747a5ecb90cdad39851fd,2026-07-30,493,45,114,306,28,2026-07-29 09:54:05+00:00
626747a5ecb90cdad39851fd,2026-07-30,461,46,128,271,16,2026-07-29 09:54:07+00:00
626747a5ecb90cdad39851fd,2026-07-30,459,38,91,307,23,2026-07-29 09:54:07+00:00
626747a5ecb90cdad39851fd,2026-07-30,411,52,81,252,26,2026-07-29 09:54:06+00:00
626747a5ecb90cdad39851fd,2026-07-30,437,34,82,272,49,2026-07-29 09:54:07+00:00
626747a5ecb90cdad39851fd,2026-07-30,346,28,44,188,86,2026-07-29 09:54:06+00:00
626747a5ecb90cdad39851fd,2026-07-30,471,23,104,222,122,2026-07-29 09:54:06+00:00
626747a5ecb90cdad39851fd,2026-07-30,441,37,98,278,28,2026-07-29 09:54:06+00:00
626747a5ecb90cdad39851fd,2026-07-30,460,32,66,311,51,2026-07-29 09:54:08+00:00
626747a5ecb90cdad39851fd,2026-07-30,454,17,62,322,53,2026-07-29 09:54:07+00:00
626747a5ecb90cdad39851fd,2026-07-30,390,35,55,258,42,2026-07-29 09:54:07+00:00
626747a5ecb90cdad39851fd,2026-07-30,470,40,105,294,31,2026-07-29 09:54:06+00:00
626747a5ecb90cdad39851fd,2026-07-30,367,40,64,252,11,2026-07-29 09:54:07+00:00
626747a5ecb90cdad39851fd,2026-07-30,378,35,100,214,29,2026-07-29 09:54:06+00:00
626747a5ecb90cdad39851fd,2026-07-30,446,24,97,288,37,2026-07-29 09:54:06+00:00
626747a5ecb90cdad39851fd,2026-07-30,469,31,103,308,27,2026-07-29 09:54:07+00:00
626747a5ecb90cdad39851fd,2026-07-30,375,42,67,237,29,2026-07-29 09:54:07+00:00
626747a5ecb90cdad39851fd,2026-07-30,477,51,119,289,18,2026-07-29 09:54:06+00:00
626747a5ecb90cdad39851fd,2026-07-30,504,37,49,266,152,2026-07-29 09:54:06+00:00
626747a5ecb90cdad39851fd,2026-07-30,387,32,88,250,17,2026-07-29 09:54:07+00:00
626747a5ecb90cdad39851fd,2026-07-30,448,38,87,278,45,2026-07-29 09:54:07+00:00
626747a5ecb90cdad39851fd,2026-07-30,495,36,116,299,44,2026-07-29 09:54:07+00:00
626747a5ecb90cdad39851fd,2026-07-30,436,20,104,270,42,2026-07-29 09:54:07+00:00
626747a5ecb90cdad39851fd,2026-07-30,427,51,98,258,20,2026-07-29 09:54:07+00:00
626747a5ecb90cdad39851fd,2026-07-30,381,25,86,245,25,2026-07-29 09:54:07+00:00
626747a5ecb90cdad39851fd,2026-07-30,416,41,94,251,30,2026-07-29 09:54:07+00:00
626747a5ecb90cdad39851fd,2026-07-30,394,32,72,231,59,2026-07-29 09:54:06+00:00
626747a5ecb90cdad39851fd,2026-07-30,424,48,87,245,44,2026-07-29 09:54:07+00:00
626747a5ecb90cdad39851fd,2026-07-30,379,34,76,233,36,2026-07-29 09:54:07+00:00
626747a5ecb90cdad39851fd,2026-07-30,516,35,63,299,119,2026-07-29 09:54:07+00:00
626747a5ecb90cdad39851fd,2026-07-30,471,27,93,325,26,2026-07-29 09:54:05+00:00
626747a5ecb90cdad39851fd,2026-07-30,435,31,82,273,49,2026-07-29 09:54:07+00:00
626747a5ecb90cdad39851fd,2026-07-30,359,33,97,204,25,2026-07-29 09:54:07+00:00
626747a5ecb90cdad39851fd,2026-07-30,17,0,0,0,17,2026-07-29 09:54:06+00:00
626747a5ecb90cdad39851fd,2026-07-30,384,27,107,228,22,2026-07-29 09:54:06+00:00
626747a5ecb90cdad39851fd,2026-07-30,464,41,100,278,45,2026-07-29 09:54:07+00:00
626747a5ecb90cdad39851fd,2026-07-30,388,33,85,246,24,2026-07-29 09:54:07+00:00
626747a5ecb90cdad39851fd,2026-07-30,367,53,68,222,24,2026-07-29 09:54:06+00:00
626747a5ecb90cdad39851fd,2026-07-30,379,25,73,185,96,2026-07-29 09:54:07+00:00
626747a5ecb90cdad39851fd,2026-07-30,419,35,84,284,16,2026-07-29 09:54:07+00:00
626747a5ecb90cdad39851fd,2026-07-30,367,50,50,240,27,2026-07-29 09:54:07+00:00
626747a5ecb90cdad39851fd,2026-07-30,462,28,128,285,21,2026-07-29 09:54:06+00:00
626747a5ecb90cdad39851fd,2026-07-30,406,43,71,238,54,2026-07-29 09:54:07+00:00
626747a5ecb90cdad39851fd,2026-07-30,508,42,67,364,35,2026-07-29 09:54:07+00:00
626747a5ecb90cdad39851fd,2026-07-30,399,30,99,242,28,2026-07-29 09:54:06+00:00
626747a5ecb90cdad39851fd,2026-07-30,360,24,67,214,55,2026-07-29 09:54:06+00:00
626747a5ecb90cdad39851fd,2026-07-30,506,30,115,333,28,2026-07-29 09:54:07+00:00
626747a5ecb90cdad39851fd,2026-07-30,439,48,123,247,21,2026-07-29 09:54:06+00:00
626747a5ecb90cdad39851fd,2026-07-30,450,26,102,235,87,2026-07-29 09:54:06+00:00
626747a5ecb90cdad39851fd,2026-07-30,421,39,66,257,59,2026-07-29 09:54:08+00:00
626747a5ecb90cdad39851fd,2026-07-30,485,42,100,323,20,2026-07-29 09:54:05+00:00
626747a5ecb90cdad39851fd,2026-07-30,451,34,111,290,16,2026-07-29 09:54:06+00:00
626747a5ecb90cdad39851fd,2026-07-30,463,33,105,284,41,2026-07-29 09:54:06+00:00
626747a5ecb90cdad39851fd,2026-07-30,441,36,131,245,29,2026-07-29 09:54:06+00:00
626747a5ecb90cdad39851fd,2026-07-30,358,37,30,263,28,2026-07-29 09:54:07+00:00
626747a5ecb90cdad39851fd,2026-07-30,355,22,43,228,62,2026-07-29 09:54:07+00:00
626747a5ecb90cdad39851fd,2026-07-30,392,28,82,242,40,2026-07-29 09:54:08+00:00
626747a5ecb90cdad39851fd,2026-07-30,399,48,128,190,33,2026-07-29 09:54:07+00:00
626747a5ecb90cdad39851fd,2026-07-30,445,38,153,236,18,2026-07-29 09:54:06+00:00
626747a5ecb90cdad39851fd,2026-07-30,395,45,107,216,27,2026-07-29 09:54:05+00:00
626747a5ecb90cdad39851fd,2026-07-30,450,34,92,282,42,2026-07-29 09:54:06+00:00
626747a5ecb90cdad39851fd,2026-07-30,266,26,53,141,46,2026-07-29 09:54:07+00:00
626747a5ecb90cdad39851fd,2026-07-30,433,26,90,284,33,2026-07-29 09:54:07+00:00
626747a5ecb90cdad39851fd,2026-07-30,433,25,117,271,20,2026-07-29 09:54:06+00:00
626747a5ecb90cdad39851fd,2026-07-30,494,39,147,279,29,2026-07-29 09:54:07+00:00
626747a5ecb90cdad39851fd,2026-07-30,433,15,94,281,43,2026-07-29 09:54:06+00:00
626747a5ecb90cdad39851fd,2026-07-30,485,59,50,342,34,2026-07-29 09:54:06+00:00
626747a5ecb90cdad39851fd,2026-07-30,399,26,79,271,23,2026-07-29 09:54:06+00:00
626747a5ecb90cdad39851fd,2026-07-30,459,52,94,285,28,2026-07-29 09:54:06+00:00
626747a5ecb90cdad39851fd,2026-07-30,461,26,79,291,65,2026-07-29 09:54:06+00:00
626747a5ecb90cdad39851fd,2026-07-30,433,41,86,268,38,2026-07-29 09:54:06+00:00
626747a5ecb90cdad39851fd,2026-07-30,488,34,119,299,36,2026-07-29 09:54:06+00:00
626747a5ecb90cdad39851fd,2026-07-30,3,0,0,0,3,2026-07-29 09:54:07+00:00
626747a5ecb90cdad39851fd,2026-07-30,466,28,118,303,17,2026-07-29 09:54:06+00:00
626747a5ecb90cdad39851fd,2026-07-30,5,0,0,0,5,2026-07-29 09:54:06+00:00
626747a5ecb90cdad39851fd,2026-07-30,403,52,77,245,29,2026-07-29 09:54:07+00:00
626747a5ecb90cdad39851fd,2026-07-30,453,46,95,286,26,2026-07-29 09:54:06+00:00
626747a5ecb90cdad39851fd,2026-07-30,447,32,65,314,36,2026-07-29 09:54:07+00:00
626747a5ecb90cdad39851fd,2026-07-30,476,40,94,314,28,2026-07-29 09:54:07+00:00
626747a5ecb90cdad39851fd,2026-07-30,470,50,110,282,28,2026-07-29 09:54:06+00:00
626747a5ecb90cdad39851fd,2026-07-30,442,31,98,295,18,2026-07-29 09:54:06+00:00
626747a5ecb90cdad39851fd,2026-07-30,430,47,97,255,31,2026-07-29 09:54:07+00:00
626747a5ecb90cdad39851fd,2026-07-30,466,12,127,297,30,2026-07-29 09:54:06+00:00
626747a5ecb90cdad39851fd,2026-07-30,406,25,75,277,29,2026-07-29 09:54:06+00:00
626747a5ecb90cdad39851fd,2026-07-30,495,29,126,302,38,2026-07-29 09:54:05+00:00
626747a5ecb90cdad39851fd,2026-07-30,327,42,72,206,7,2026-07-29 09:54:07+00:00
626747a5ecb90cdad39851fd,2026-07-30,446,37,88,274,47,2026-07-29 09:54:07+00:00
626747a5ecb90cdad39851fd,2026-07-30,494,40,118,292,44,2026-07-29 09:54:08+00:00
626747a5ecb90cdad39851fd,2026-07-30,455,37,91,295,32,2026-07-29 09:54:06+00:00
626747a5ecb90cdad39851fd,2026-07-30,449,47,104,263,35,2026-07-29 09:54:06+00:00
626747a5ecb90cdad39851fd,2026-07-30,532,34,114,303,81,2026-07-29 09:54:05+00:00
626747a5ecb90cdad39851fd,2026-07-30,443,49,103,255,36,2026-07-29 09:54:06+00:00
626747a5ecb90cdad39851fd,2026-07-30,463,30,88,325,20,2026-07-29 09:54:06+00:00
626747a5ecb90cdad39851fd,2026-07-30,462,43,83,251,85,2026-07-29 09:54:05+00:00
626747a5ecb90cdad39851fd,2026-07-30,401,18,111,254,18,2026-07-29 09:54:06+00:00
626747a5ecb90cdad39851fd,2026-07-30,424,55,103,218,48,2026-07-29 09:54:06+00:00
626747a5ecb90cdad39851fd,2026-07-30,331,32,42,232,25,2026-07-29 09:54:06+00:00
626747a5ecb90cdad39851fd,2026-07-30,472,14,109,311,38,2026-07-29 09:54:07+00:00
626747a5ecb90cdad39851fd,2026-07-30,447,39,121,262,25,2026-07-29 09:54:06+00:00
626747a5ecb90cdad39851fd,2026-07-30,591,36,142,335,78,2026-07-29 09:54:07+00:00
626747a5ecb90cdad39851fd,2026-07-30,416,26,86,275,29,2026-07-29 09:54:07+00:00
626747a5ecb90cdad39851fd,2026-07-30,418,31,72,286,29,2026-07-29 09:54:06+00:00
626747a5ecb90cdad39851fd,2026-07-30,356,17,113,202,24,2026-07-29 09:54:06+00:00
626747a5ecb90cdad39851fd,2026-07-30,397,25,94,252,26,2026-07-29 09:54:06+00:00
626747a5ecb90cdad39851fd,2026-07-30,510,33,122,291,64,2026-07-29 09:54:06+00:00
626747a5ecb90cdad39851fd,2026-07-30,424,52,110,225,37,2026-07-29 09:54:05+00:00
626747a5ecb90cdad39851fd,2026-07-30,442,47,89,271,35,2026-07-29 09:54:06+00:00
64253a220b664252390736a6,2026-06-13,0,0,0,0,0,2026-06-12 09:55:11+00:00
6459f1b43b8df2beab2d5d45,2026-08-01,521,521,0,0,0,2026-07-31 15:21:19+00:00
6459f1b43b8df2beab2d5d45,2026-08-01,480,300,60,60,60,2026-07-31 15:21:19+00:00
6459f1b43b8df2beab2d5d45,2026-08-01,435,300,60,60,15,2026-07-31 15:21:19+00:00
6459f1b43b8df2beab2d5d45,2026-08-01,465,240,165,60,0,2026-07-31 15:21:19+00:00
6459f1b43b8df2beab2d5d45,2026-08-01,0,0,0,0,0,2026-07-31 15:21:19+00:00
6459f1b43b8df2beab2d5d45,2026-08-01,420,240,120,60,0,2026-07-31 15:21:19+00:00
6459f1b43b8df2beab2d5d45,2026-08-01,435,300,60,60,15,2026-07-31 15:21:19+00:00
6459f1b43b8df2beab2d5d45,2026-08-01,372,299,59,0,14,2026-07-31 15:21:19+00:00
6459f1b43b8df2beab2d5d45,2026-08-01,440,74,84,271,11,2026-07-31 15:21:19+00:00
6459f1b43b8df2beab2d5d45,2026-08-01,375,300,60,0,15,2026-07-31 15:21:19+00:00
6459f1b43b8df2beab2d5d45,2026-08-01,360,240,120,0,0,2026-07-31 15:21:19+00:00
6459f1b43b8df2beab2d5d45,2026-08-01,448,59,77,291,21,2026-07-31 15:21:19+00:00
65015d189011300017f0933b,2026-08-03,396,36,82,254,24,2026-08-01 23:20:57+00:00
65015d189011300017f0933b,2026-08-03,419,57,86,250,26,2026-08-01 23:20:57+00:00
65015d189011300017f0933b,2026-08-03,413,52,78,232,51,2026-08-01 23:20:57+00:00
65015d189011300017f0933b,2026-08-03,342,10,50,260,22,2026-08-01 23:20:57+00:00
65015d189011300017f0933b,2026-07-29,455,50,35,324,46,2026-07-28 11:03:43+00:00
65015d189011300017f0933b,2026-07-29,116,26,0,80,10,2026-07-28 11:03:43+00:00
65015d189011300017f0933b,2026-07-29,501,87,124,208,82,2026-07-28 11:03:43+00:00
65015d189011300017f0933b,2026-07-29,349,53,86,175,35,2026-07-28 11:03:43+00:00
65015d189011300017f0933b,2026-07-29,478,45,80,289,64,2026-07-28 11:03:43+00:00
65015d189011300017f0933b,2026-07-29,457,36,65,258,98,2026-07-28 11:03:43+00:00
65015d189011300017f0933b,2026-07-29,410,64,102,185,59,2026-07-28 11:03:43+00:00
65015d189011300017f0933b,2026-07-29,59,7,0,44,8,2026-07-28 11:03:43+00:00
65015d189011300017f0933b,2026-07-29,377,32,68,228,49,2026-07-28 11:03:43+00:00
65015d189011300017f0933b,2026-07-29,381,51,78,216,36,2026-07-28 11:03:43+00:00
65015d189011300017f0933b,2026-07-29,375,73,69,196,37,2026-07-28 11:03:43+00:00
65015d189011300017f0933b,2026-07-29,324,33,58,207,26,2026-07-28 11:03:43+00:00
65015d189011300017f0933b,2026-07-29,280,4,46,211,19,2026-07-28 11:03:43+00:00
65015d189011300017f0933b,2026-07-29,345,69,47,196,33,2026-07-28 11:03:43+00:00
65015d189011300017f0933b,2026-07-29,431,44,78,273,36,2026-07-28 11:03:43+00:00
65015d189011300017f0933b,2026-07-29,390,82,79,205,24,2026-07-28 11:03:43+00:00
65015d189011300017f0933b,2026-07-29,380,61,80,209,30,2026-07-28 11:03:43+00:00
65015d189011300017f0933b,2026-07-29,346,68,76,163,39,2026-07-28 11:03:43+00:00
65015d189011300017f0933b,2026-07-29,88,1,0,86,1,2026-07-28 11:03:43+00:00
65015d189011300017f0933b,2026-07-29,400,70,70,206,54,2026-07-28 11:03:43+00:00
65015d189011300017f0933b,2026-07-29,439,78,71,249,41,2026-07-28 11:03:43+00:00
65015d189011300017f0933b,2026-07-29,458,73,113,239,33,2026-07-28 11:03:43+00:00
65015d189011300017f0933b,2026-07-29,401,70,84,215,32,2026-07-28 11:03:43+00:00
65015d189011300017f0933b,2026-07-29,352,67,66,180,39,2026-07-28 11:03:43+00:00
65015d189011300017f0933b,2026-07-29,338,49,69,190,30,2026-07-28 11:03:43+00:00
651ba030cb35c30018ab4be8,2026-07-29,402,66,10,275,51,2026-07-28 14:13:22+00:00
651ba030cb35c30018ab4be8,2026-07-24,426,56,93,261,16,2026-07-23 06:15:57+00:00
651ba030cb35c30018ab4be8,2026-07-23,44,0,0,0,44,2026-07-22 10:40:58+00:00
651ba030cb35c30018ab4be8,2026-07-23,413,100,73,237,3,2026-07-22 10:40:59+00:00
651ba030cb35c30018ab4be8,2026-07-23,450,95,86,241,28,2026-07-22 10:40:58+00:00
651ba030cb35c30018ab4be8,2026-07-23,487,69,98,297,23,2026-07-22 10:40:58+00:00
651ba030cb35c30018ab4be8,2026-07-23,9,0,0,0,9,2026-07-22 10:40:59+00:00
651ba030cb35c30018ab4be8,2026-07-23,432,109,66,254,3,2026-07-22 10:40:59+00:00
651ba030cb35c30018ab4be8,2026-07-23,509,125,111,272,1,2026-07-22 10:40:59+00:00
651ba030cb35c30018ab4be8,2026-07-23,4,0,0,0,4,2026-07-22 10:40:58+00:00
6530ce1aff55300017a7bbc4,2026-08-05,381,47,69,260,5,2026-08-03 19:51:46+00:00
6530ce1aff55300017a7bbc4,2026-08-05,371,8,36,315,12,2026-08-04 07:52:59+00:00
6530ce1aff55300017a7bbc4,2026-08-03,307,45,40,218,4,2026-08-02 11:47:07+00:00
6530ce1aff55300017a7bbc4,2026-08-02,428,23,14,355,36,2026-08-01 06:55:02+00:00
6530ce1aff55300017a7bbc4,2026-08-02,384,35,63,274,12,2026-08-01 06:55:02+00:00
6530ce1aff55300017a7bbc4,2026-07-27,362,27,70,227,38,2026-07-26 09:17:12+00:00
6530ce1aff55300017a7bbc4,2026-07-26,395,38,58,274,25,2026-07-25 06:01:37+00:00
654255dc5b27580018305f06,2026-08-05,406,61,103,213,29,2026-08-04 08:54:47+00:00
654255dc5b27580018305f06,2026-08-04,225,25,33,153,14,2026-08-03 07:59:02+00:00
654255dc5b27580018305f06,2026-08-02,470,98,127,226,19,2026-08-01 12:49:31+00:00
654255dc5b27580018305f06,2026-08-01,423,45,112,245,21,2026-07-31 09:30:27+00:00
654255dc5b27580018305f06,2026-07-29,343,52,81,189,21,2026-07-27 21:31:33+00:00
654255dc5b27580018305f06,2026-07-29,362,54,36,248,24,2026-07-28 11:00:09+00:00
654255dc5b27580018305f06,2026-07-26,311,87,71,129,24,2026-07-25 10:20:11+00:00
654255dc5b27580018305f06,2026-07-26,390,47,27,272,44,2026-07-23 08:40:08+00:00
654255dc5b27580018305f06,2026-07-26,327,47,45,215,20,2026-07-25 10:20:11+00:00
65538a407fcb33001690a4aa,2026-07-28,30,0,0,0,30,2026-07-27 17:05:20+00:00
65538a407fcb33001690a4aa,2026-07-28,33,0,0,0,33,2026-07-27 17:05:20+00:00
65538a407fcb33001690a4aa,2026-07-28,3,0,0,0,3,2026-07-27 17:05:20+00:00
65538a407fcb33001690a4aa,2026-07-28,11,0,0,0,11,2026-07-27 17:05:20+00:00
65538a407fcb33001690a4aa,2026-07-28,31,0,0,0,31,2026-07-27 17:05:20+00:00
65538a407fcb33001690a4aa,2026-07-23,124,0,0,0,124,2026-07-22 15:14:32+00:00
65538a407fcb33001690a4aa,2026-07-23,74,0,0,0,74,2026-07-22 15:14:32+00:00
65538a407fcb33001690a4aa,2026-07-23,26,0,0,0,26,2026-07-22 15:14:32+00:00
65538a407fcb33001690a4aa,2026-07-23,21,0,0,0,21,2026-07-22 15:14:32+00:00
65538a407fcb33001690a4aa,2026-07-23,37,0,0,0,37,2026-07-22 15:14:32+00:00
65538a407fcb33001690a4aa,2026-07-23,34,0,0,0,34,2026-07-22 15:14:32+00:00
65538a407fcb33001690a4aa,2026-07-23,13,0,0,0,13,2026-07-22 15:14:32+00:00
65538a407fcb33001690a4aa,2026-07-23,22,0,0,0,22,2026-07-22 15:14:32+00:00
65538a407fcb33001690a4aa,2026-07-23,32,0,0,0,32,2026-07-22 15:14:32+00:00
65538a407fcb33001690a4aa,2026-07-23,64,0,0,0,64,2026-07-22 15:14:32+00:00
65538a407fcb33001690a4aa,2026-07-23,35,0,0,0,35,2026-07-22 15:14:32+00:00
65538a407fcb33001690a4aa,2026-07-23,13,0,0,0,13,2026-07-22 15:14:32+00:00
65538a407fcb33001690a4aa,2026-07-23,28,0,0,0,28,2026-07-22 15:14:32+00:00
65538a407fcb33001690a4aa,2026-07-23,6,0,0,0,6,2026-07-22 15:14:32+00:00
65538a407fcb33001690a4aa,2026-07-23,6,0,0,0,6,2026-07-22 15:14:32+00:00
65538a407fcb33001690a4aa,2026-07-23,12,0,0,0,12,2026-07-22 15:14:32+00:00
65538a407fcb33001690a4aa,2026-07-23,18,0,0,0,18,2026-07-22 15:14:32+00:00
65538a407fcb33001690a4aa,2026-07-23,34,0,0,0,34,2026-07-22 15:14:32+00:00
65538a407fcb33001690a4aa,2026-07-23,15,0,0,0,15,2026-07-22 15:14:32+00:00
65538a407fcb33001690a4aa,2026-07-23,27,0,0,0,27,2026-07-22 15:14:32+00:00
65538a407fcb33001690a4aa,2026-07-23,21,0,0,0,21,2026-07-22 15:14:32+00:00
65538a407fcb33001690a4aa,2026-07-23,23,0,0,0,23,2026-07-22 15:14:32+00:00
65538a407fcb33001690a4aa,2026-07-23,31,0,0,0,31,2026-07-22 15:14:32+00:00
65538a407fcb33001690a4aa,2026-07-23,29,0,0,0,29,2026-07-22 15:14:32+00:00
65538a407fcb33001690a4aa,2026-07-23,100,0,0,0,100,2026-07-22 15:14:32+00:00
65538a407fcb33001690a4aa,2026-07-23,49,0,0,0,49,2026-07-22 15:14:32+00:00
65538a407fcb33001690a4aa,2026-07-23,17,0,0,0,17,2026-07-22 15:14:32+00:00
65538a407fcb33001690a4aa,2026-07-23,27,0,0,0,27,2026-07-22 15:14:32+00:00
65538a407fcb33001690a4aa,2026-07-23,21,0,0,0,21,2026-07-22 15:14:32+00:00
65538a407fcb33001690a4aa,2026-07-23,27,0,0,0,27,2026-07-22 15:14:32+00:00
66acb2d07800fa0017b0c229,2026-07-03,448,59,77,291,21,2026-07-02 14:45:18+00:00
66acb2d07800fa0017b0c229,2026-07-03,480,300,60,60,60,2026-07-02 14:45:18+00:00
66acb2d07800fa0017b0c229,2026-07-03,440,74,84,271,11,2026-07-02 14:45:18+00:00
66acb2d07800fa0017b0c229,2026-07-03,375,300,60,0,15,2026-07-02 14:45:18+00:00
66acb2d07800fa0017b0c229,2026-07-03,435,300,60,60,15,2026-07-02 14:45:18+00:00
66acb2d07800fa0017b0c229,2026-07-03,372,299,59,0,14,2026-07-02 14:45:18+00:00
66d6a3d62b4aa80016d54210,2026-04-25,435,81,113,208,33,2026-04-24 17:28:56+00:00
66d6a3d62b4aa80016d54210,2026-04-25,470,53,121,264,32,2026-04-24 17:28:56+00:00
66d6a3d62b4aa80016d54210,2026-04-25,619,110,100,352,57,2026-04-24 17:28:56+00:00
66d6a3d62b4aa80016d54210,2026-04-25,401,79,83,219,20,2026-04-24 17:28:56+00:00
66d6a3d62b4aa80016d54210,2026-04-25,362,71,56,177,58,2026-04-24 17:28:56+00:00
66d6a3d62b4aa80016d54210,2026-04-25,498,68,91,288,51,2026-04-24 17:28:56+00:00
66d6a3d62b4aa80016d54210,2026-04-25,420,78,118,196,28,2026-04-24 17:28:56+00:00
66d6a3d62b4aa80016d54210,2026-04-25,394,81,60,222,31,2026-04-24 17:28:56+00:00
66d6a3d62b4aa80016d54210,2026-04-25,424,85,87,209,43,2026-04-24 17:28:56+00:00
66d6a3d62b4aa80016d54210,2026-04-25,593,84,88,358,63,2026-04-24 17:28:56+00:00
66d6a3d62b4aa80016d54210,2026-04-25,387,75,95,184,33,2026-04-24 17:28:56+00:00
66d6a3d62b4aa80016d54210,2026-04-25,440,68,107,215,50,2026-04-24 17:28:56+00:00
66d6a3d62b4aa80016d54210,2026-04-25,446,79,92,226,49,2026-04-24 17:28:56+00:00
66d6a3d62b4aa80016d54210,2026-04-25,438,64,67,267,40,2026-04-24 17:28:56+00:00
66d6a3d62b4aa80016d54210,2026-04-25,400,76,103,205,16,2026-04-24 17:28:56+00:00
66d6a3d62b4aa80016d54210,2026-04-25,441,57,104,257,23,2026-04-24 17:28:56+00:00
66d6a3d62b4aa80016d54210,2026-04-09,384,71,96,204,13,2026-04-08 17:38:30+00:00
66d6a3d62b4aa80016d54210,2026-04-09,301,68,53,143,37,2026-04-08 17:38:31+00:00
66d6a3d62b4aa80016d54210,2026-04-09,327,56,75,178,18,2026-04-08 17:38:30+00:00
66d6a3d62b4aa80016d54210,2026-04-09,297,48,69,155,25,2026-04-08 17:38:30+00:00
66d6a3d62b4aa80016d54210,2026-04-09,321,76,69,162,14,2026-04-08 17:38:31+00:00
66d6a3d62b4aa80016d54210,2026-04-09,446,85,138,195,28,2026-04-08 17:38:31+00:00
66d6a3d62b4aa80016d54210,2026-04-09,345,55,68,167,55,2026-04-08 17:38:31+00:00
66d6a3d62b4aa80016d54210,2026-04-09,375,47,69,231,28,2026-04-08 17:38:31+00:00
66d6a3d62b4aa80016d54210,2026-04-09,311,63,78,148,22,2026-04-08 17:38:31+00:00
66d6a3d62b4aa80016d54210,2026-04-09,365,71,56,201,37,2026-04-08 17:38:31+00:00
66d6a3d62b4aa80016d54210,2026-04-09,317,66,75,149,27,2026-04-08 17:38:30+00:00
66d6a3d62b4aa80016d54210,2026-04-09,353,79,89,157,28,2026-04-08 17:38:31+00:00
66d6a3d62b4aa80016d54210,2026-04-09,312,46,44,209,13,2026-04-08 17:38:31+00:00
66d6a3d62b4aa80016d54210,2026-04-09,510,62,106,305,37,2026-04-08 17:38:31+00:00
66d6a3d62b4aa80016d54210,2026-04-09,256,41,22,164,29,2026-04-08 17:38:30+00:00
66d6a3d62b4aa80016d54210,2026-04-09,381,79,94,183,25,2026-04-08 17:38:30+00:00
66d6a3d62b4aa80016d54210,2026-04-09,336,62,79,173,22,2026-04-08 17:38:30+00:00
66d6a3d62b4aa80016d54210,2026-04-09,453,96,88,225,44,2026-04-08 17:38:31+00:00
66d6a3d62b4aa80016d54210,2026-04-09,330,48,66,185,31,2026-04-08 17:38:31+00:00
66d6a3d62b4aa80016d54210,2026-04-09,307,73,80,135,19,2026-04-08 17:38:30+00:00
66d6a3d62b4aa80016d54210,2026-04-09,362,47,115,174,26,2026-04-08 17:38:30+00:00
66d6a3d62b4aa80016d54210,2026-04-09,333,68,76,159,30,2026-04-08 17:38:31+00:00
66d6a3d62b4aa80016d54210,2026-04-09,260,52,76,109,23,2026-04-08 17:38:31+00:00
66d6a3d62b4aa80016d54210,2026-04-09,354,85,79,146,44,2026-04-08 17:38:31+00:00
66d6a3d62b4aa80016d54210,2026-04-09,357,80,71,179,27,2026-04-08 17:38:31+00:00
66d6a3d62b4aa80016d54210,2026-04-09,347,65,85,184,13,2026-04-08 17:38:30+00:00
66d6a3d62b4aa80016d54210,2026-04-09,505,54,88,311,52,2026-04-08 17:38:31+00:00
66d6a3d62b4aa80016d54210,2026-04-09,355,49,54,211,41,2026-04-08 17:38:30+00:00
66d6a3d62b4aa80016d54210,2026-04-09,453,53,63,318,19,2026-04-08 17:38:31+00:00
67ed368aaaa30200179ad0df,2026-06-17,540,0,0,540,0,2026-06-16 13:02:53+00:00
68035516234986001785326b,2026-04-29,452,65,88,261,38,2026-04-28 11:35:24+00:00
68035516234986001785326b,2026-04-29,425,38,72,261,54,2026-04-28 11:35:24+00:00
68035516234986001785326b,2026-04-29,587,51,106,399,31,2026-04-28 11:35:24+00:00
68035516234986001785326b,2026-04-29,445,77,124,206,38,2026-04-28 11:35:24+00:00
68035516234986001785326b,2026-04-29,463,67,57,246,93,2026-04-28 11:35:24+00:00
68035516234986001785326b,2026-04-29,487,72,115,246,54,2026-04-28 11:35:24+00:00
68035516234986001785326b,2026-04-29,401,77,104,206,14,2026-04-28 11:35:24+00:00
68035516234986001785326b,2026-04-29,65,0,0,44,21,2026-04-28 11:35:24+00:00
68035516234986001785326b,2026-04-29,447,41,89,295,22,2026-04-28 11:35:24+00:00
68035516234986001785326b,2026-04-29,183,0,0,167,16,2026-04-28 11:35:24+00:00
68035516234986001785326b,2026-04-29,507,79,117,260,51,2026-04-28 11:35:24+00:00
68035516234986001785326b,2026-04-29,438,93,113,216,16,2026-04-28 11:35:24+00:00
68035516234986001785326b,2026-04-29,457,112,115,176,54,2026-04-28 11:35:24+00:00
68035516234986001785326b,2026-04-29,487,114,137,212,24,2026-04-28 11:35:24+00:00
68035516234986001785326b,2026-04-29,567,58,78,371,60,2026-04-28 11:35:24+00:00
68035516234986001785326b,2026-04-29,462,78,110,226,48,2026-04-28 11:35:24+00:00
68035516234986001785326b,2026-04-29,420,62,136,199,23,2026-04-28 11:35:24+00:00
68035516234986001785326b,2026-04-29,72,0,0,63,9,2026-04-28 11:35:24+00:00
68035516234986001785326b,2026-04-29,109,0,0,98,11,2026-04-28 11:35:24+00:00
68035516234986001785326b,2026-04-29,463,54,109,268,32,2026-04-28 11:35:24+00:00
68035516234986001785326b,2026-04-29,422,79,106,212,25,2026-04-28 11:35:24+00:00
68035516234986001785326b,2026-04-29,179,0,0,179,0,2026-04-28 11:35:24+00:00
68035516234986001785326b,2026-04-29,279,12,22,198,47,2026-04-28 11:35:24+00:00
68035516234986001785326b,2026-04-29,367,65,93,183,26,2026-04-28 11:35:24+00:00
68035516234986001785326b,2026-04-29,445,90,120,209,26,2026-04-28 11:35:24+00:00
68035516234986001785326b,2026-04-29,451,78,120,215,38,2026-04-28 11:35:24+00:00
68035516234986001785326b,2026-04-29,512,84,105,299,24,2026-04-28 11:35:24+00:00
68035516234986001785326b,2026-04-29,423,79,101,215,28,2026-04-28 11:35:25+00:00
68035516234986001785326b,2026-04-29,462,68,110,250,34,2026-04-28 11:35:24+00:00
68035516234986001785326b,2026-04-29,72,0,0,72,0,2026-04-28 11:35:24+00:00
68035516234986001785326b,2026-04-29,530,54,94,325,57,2026-04-28 11:35:24+00:00
68035516234986001785326b,2026-04-29,448,60,100,256,32,2026-04-28 11:35:24+00:00
68035516234986001785326b,2026-04-29,491,72,114,281,24,2026-04-28 11:35:24+00:00
68035516234986001785326b,2026-04-29,495,87,125,238,45,2026-04-28 11:35:24+00:00
68035516234986001785326b,2026-04-29,429,44,91,253,41,2026-04-28 11:35:24+00:00
68035516234986001785326b,2026-04-29,465,46,100,263,56,2026-04-28 11:35:24+00:00
681869cbab7e60756e373757,2026-07-07,448,112,112,112,112,2026-07-06 14:18:25+00:00
681869cbab7e60756e373757,2026-07-05,448,112,0,224,112,2026-07-04 14:07:43+00:00
681869cbab7e60756e373757,2026-07-05,921,193,186,500,42,2026-07-04 14:07:43+00:00
682d72b7ab7e60756e6690df,2026-08-01,360,240,120,0,0,2026-07-31 15:34:01+00:00
682d72b7ab7e60756e6690df,2026-08-01,435,300,60,60,15,2026-07-31 15:34:01+00:00
682d72b7ab7e60756e6690df,2026-08-01,480,300,60,60,60,2026-07-31 15:34:01+00:00
682d72b7ab7e60756e6690df,2026-08-01,420,240,120,60,0,2026-07-31 15:34:01+00:00
682d72b7ab7e60756e6690df,2026-08-01,465,240,165,60,0,2026-07-31 15:34:01+00:00
682d72b7ab7e60756e6690df,2026-08-01,521,521,0,0,0,2026-07-31 15:34:01+00:00
682d72b7ab7e60756e6690df,2026-08-01,0,0,0,0,0,2026-07-31 15:34:01+00:00
684bed3dab7e60756e910cc7,2026-06-01,448,135,131,182,0,2026-05-30 23:10:37+00:00
684bed3dab7e60756e910cc7,2026-05-30,301,63,89,149,0,2026-05-28 23:01:22+00:00
684bed3dab7e60756e910cc7,2026-05-29,257,52,61,143,1,2026-05-28 06:32:50+00:00
684bed3dab7e60756e910cc7,2026-05-26,512,137,117,258,0,2026-05-24 18:46:13+00:00
684bed3dab7e60756e910cc7,2026-05-26,334,125,64,145,0,2026-05-25 14:47:58+00:00
684bed3dab7e60756e910cc7,2026-05-26,439,91,123,225,0,2026-05-24 18:46:13+00:00
684bed3dab7e60756e910cc7,2026-05-23,425,82,116,223,4,2026-05-21 22:11:42+00:00
684bed3dab7e60756e910cc7,2026-05-23,463,151,99,213,0,2026-05-22 14:11:38+00:00
684bed3dab7e60756e910cc7,2026-05-22,346,64,77,204,1,2026-05-21 07:36:02+00:00
684bed3dab7e60756e910cc7,2026-05-20,468,129,110,229,0,2026-05-19 11:22:55+00:00
684bed3dab7e60756e910cc7,2026-05-20,436,121,111,204,0,2026-05-19 11:22:55+00:00
684bed3dab7e60756e910cc7,2026-05-19,521,129,146,246,0,2026-05-17 22:06:12+00:00
68a2b2c3e3ec279a550e63f7,2026-07-12,448,112,112,224,0,2026-07-10 19:00:10+00:00
68a2b2c3e3ec279a550e63f7,2026-07-07,448,112,112,112,112,2026-07-06 15:23:19+00:00
68a2b2c3e3ec279a550e63f7,2026-07-04,448,112,0,224,112,2026-07-03 14:22:10+00:00
68a2b2c3e3ec279a550e63f7,2026-07-03,921,193,186,500,42,2026-07-02 14:32:53+00:00
68e5ff1de3ec279a555b5ec0,2026-07-23,53,0,0,53,0,2026-07-22 05:52:52+00:00
68e5ff1de3ec279a555b5ec0,2026-07-23,40,0,0,40,0,2026-07-22 05:52:52+00:00
68e5ff1de3ec279a555b5ec0,2026-07-23,31,0,0,31,0,2026-07-22 05:52:52+00:00
68e5ff1de3ec279a555b5ec0,2026-07-05,25,0,0,25,0,2026-07-04 07:24:10+00:00
68e5ff1de3ec279a555b5ec0,2026-07-05,18,0,0,18,0,2026-07-04 07:24:10+00:00
68e5ff1de3ec279a555b5ec0,2026-05-07,361,88,67,206,0,2026-05-06 15:51:47+00:00
68e5ff1de3ec279a555b5ec0,2026-05-07,276,29,41,170,36,2026-05-06 15:51:47+00:00
68e5ff1de3ec279a555b5ec0,2026-05-07,426,92,84,243,7,2026-05-06 15:51:47+00:00
68e5ff1de3ec279a555b5ec0,2026-04-26,288,0,80,182,26,2026-04-25 07:26:46+00:00
68e5ff1de3ec279a555b5ec0,2026-04-26,337,56,35,246,0,2026-04-25 07:26:47+00:00
68e5ff1de3ec279a555b5ec0,2026-04-16,291,50,59,182,0,2026-04-14 22:43:53+00:00
68e5ff1de3ec279a555b5ec0,2026-04-07,434,71,88,275,0,2026-04-06 07:13:23+00:00
68e5ff1de3ec279a555b5ec0,2026-04-05,451,61,142,158,90,2026-04-04 13:29:27+00:00
68e5ff1de3ec279a555b5ec0,2026-04-05,354,65,102,168,19,2026-04-04 13:29:28+00:00
68e5ff1de3ec279a555b5ec0,2026-04-05,587,86,44,457,0,2026-04-04 13:29:28+00:00
68f0c1e1e3ec279a5570308f,2026-07-31,391,25,97,256,13,2026-07-30 17:21:37+00:00
68f0c1e1e3ec279a5570308f,2026-07-31,219,33,54,125,7,2026-07-30 17:21:37+00:00
68f0c1e1e3ec279a5570308f,2026-07-31,257,42,45,167,3,2026-07-30 17:21:37+00:00
68f0c1e1e3ec279a5570308f,2026-07-31,498,34,144,318,2,2026-07-30 17:21:37+00:00
68f0c1e1e3ec279a5570308f,2026-07-31,292,42,80,156,14,2026-07-30 17:21:37+00:00
68f0c1e1e3ec279a5570308f,2026-07-24,434,24,112,259,39,2026-07-23 08:40:05+00:00
68f0c1e1e3ec279a5570308f,2026-07-23,468,23,91,325,29,2026-07-22 11:25:33+00:00
68f0c1e1e3ec279a5570308f,2026-07-23,445,28,113,295,9,2026-07-22 11:25:33+00:00
68f0c1e1e3ec279a5570308f,2026-07-23,393,14,100,251,28,2026-07-22 11:25:33+00:00
68f0c1e1e3ec279a5570308f,2026-07-23,402,39,100,250,13,2026-07-22 11:25:33+00:00
68f0c1e1e3ec279a5570308f,2026-07-23,436,60,92,273,11,2026-07-22 11:25:33+00:00
68f0c1e1e3ec279a5570308f,2026-07-23,418,36,99,270,13,2026-07-22 11:25:33+00:00
68f0c1e1e3ec279a5570308f,2026-07-23,332,28,85,138,81,2026-07-22 11:25:33+00:00
68f0c1e1e3ec279a5570308f,2026-07-23,1,0,0,0,1,2026-07-22 11:25:33+00:00
68f0c1e1e3ec279a5570308f,2026-07-23,362,37,90,217,18,2026-07-22 11:25:33+00:00
68f0c1e1e3ec279a5570308f,2026-07-23,203,28,38,125,12,2026-07-22 11:25:33+00:00
68f0c1e1e3ec279a5570308f,2026-07-23,401,44,91,238,28,2026-07-22 11:25:33+00:00
68f0c1e1e3ec279a5570308f,2026-07-23,24,0,0,0,24,2026-07-22 11:25:33+00:00
68f0c1e1e3ec279a5570308f,2026-07-23,377,25,85,250,17,2026-07-22 11:25:33+00:00
68f0c1e1e3ec279a5570308f,2026-07-23,11,0,0,0,11,2026-07-22 11:25:33+00:00
68f0c1e1e3ec279a5570308f,2026-07-23,364,40,93,215,16,2026-07-22 11:25:33+00:00
68f0c1e1e3ec279a5570308f,2026-07-23,4,0,0,0,4,2026-07-22 11:25:33+00:00
68f0c1e1e3ec279a5570308f,2026-07-23,328,38,87,190,13,2026-07-22 11:25:33+00:00
68f0c1e1e3ec279a5570308f,2026-07-23,316,21,87,202,6,2026-07-22 11:25:33+00:00
68f0c1e1e3ec279a5570308f,2026-07-23,466,45,93,273,55,2026-07-22 11:25:33+00:00
68f0c1e1e3ec279a5570308f,2026-07-23,286,28,46,186,26,2026-07-22 11:25:33+00:00
68f0c1e1e3ec279a5570308f,2026-07-23,333,20,81,224,8,2026-07-22 11:25:33+00:00
68f0c1e1e3ec279a5570308f,2026-07-23,469,29,113,309,18,2026-07-22 11:25:33+00:00
68f0c1e1e3ec279a5570308f,2026-07-23,309,37,84,188,0,2026-07-22 11:25:33+00:00
68f0c1e1e3ec279a5570308f,2026-07-23,315,23,82,206,4,2026-07-22 11:25:33+00:00
68f27336e3ec279a552ca56b,2026-08-02,383,61,61,225,36,2026-08-01 11:04:55+00:00
68f27336e3ec279a552ca56b,2026-08-02,312,46,74,169,23,2026-08-01 11:04:55+00:00
68f27336e3ec279a552ca56b,2026-08-02,392,73,116,185,18,2026-08-01 11:04:55+00:00
68f27336e3ec279a552ca56b,2026-08-02,575,129,139,248,59,2026-08-01 11:04:55+00:00
68f27336e3ec279a552ca56b,2026-08-02,211,35,30,117,29,2026-08-01 11:04:55+00:00
68f27336e3ec279a552ca56b,2026-07-28,447,93,116,223,15,2026-07-27 09:06:57+00:00
68f27336e3ec279a552ca56b,2026-07-28,334,78,80,164,12,2026-07-27 09:06:57+00:00
68f27336e3ec279a552ca56b,2026-07-28,431,93,133,188,17,2026-07-27 09:06:57+00:00
68f27336e3ec279a552ca56b,2026-07-28,269,63,58,108,40,2026-07-27 09:06:57+00:00
68f27336e3ec279a552ca56b,2026-07-28,451,81,114,199,57,2026-07-27 09:06:57+00:00
68f27336e3ec279a552ca56b,2026-07-28,337,61,48,204,24,2026-07-27 09:06:57+00:00
68f27336e3ec279a552ca56b,2026-07-28,250,51,71,116,12,2026-07-27 09:06:57+00:00
68f27336e3ec279a552ca56b,2026-07-28,300,49,55,182,14,2026-07-27 09:06:57+00:00
68f27336e3ec279a552ca56b,2026-07-28,319,55,42,204,18,2026-07-27 09:06:57+00:00
68f27336e3ec279a552ca56b,2026-07-28,362,73,78,190,21,2026-07-27 09:06:57+00:00
68fb2a97e3ec279a55601a02,2026-08-02,193,43,23,116,11,2026-08-01 12:06:56+00:00
68fb2a97e3ec279a55601a02,2026-08-02,580,97,137,295,51,2026-08-01 12:06:56+00:00
68fb2a97e3ec279a55601a02,2026-08-02,460,67,62,285,46,2026-08-01 12:06:56+00:00
68fb2a97e3ec279a55601a02,2026-08-02,253,57,70,104,22,2026-08-01 12:06:56+00:00
68fb2a97e3ec279a55601a02,2026-08-01,418,76,82,214,46,2026-07-31 12:04:41+00:00
68fb2a97e3ec279a55601a02,2026-08-01,531,124,94,283,30,2026-07-31 12:04:41+00:00
68fb2a97e3ec279a55601a02,2026-08-01,425,65,102,227,31,2026-07-31 12:04:41+00:00
68fb2a97e3ec279a55601a02,2026-08-01,337,53,89,173,22,2026-07-31 12:04:41+00:00
68fb2a97e3ec279a55601a02,2026-08-01,518,125,98,239,56,2026-07-31 12:04:41+00:00
68fb2a97e3ec279a55601a02,2026-08-01,300,83,39,153,25,2026-07-31 12:04:41+00:00
68fb2a97e3ec279a55601a02,2026-08-01,418,72,83,208,55,2026-07-31 12:04:41+00:00
68fb2a97e3ec279a55601a02,2026-08-01,84,0,14,64,6,2026-07-31 12:04:41+00:00
68fb2a97e3ec279a55601a02,2026-08-01,404,68,111,201,24,2026-07-31 12:04:41+00:00
69366dede3ec279a551b6af2,2026-07-03,440,74,84,271,11,2026-07-02 14:52:33+00:00
69366dede3ec279a551b6af2,2026-07-03,372,299,59,0,14,2026-07-02 14:52:33+00:00
69366dede3ec279a551b6af2,2026-07-03,435,300,60,60,15,2026-07-02 14:52:33+00:00
69366dede3ec279a551b6af2,2026-07-03,375,300,60,0,15,2026-07-02 14:52:33+00:00
69366dede3ec279a551b6af2,2026-07-03,448,59,77,291,21,2026-07-02 14:52:33+00:00
69366dede3ec279a551b6af2,2026-07-03,480,300,60,60,60,2026-07-02 14:52:33+00:00
69789c27ab7e60756edf5a40,2026-07-07,379,32,68,268,11,2026-07-06 12:52:27+00:00
69789c27ab7e60756edf5a40,2026-07-07,424,29,90,295,10,2026-07-06 12:52:27+00:00
69789c27ab7e60756edf5a40,2026-07-07,351,31,99,213,8,2026-07-06 12:52:27+00:00
69789c27ab7e60756edf5a40,2026-07-07,379,30,74,263,12,2026-07-06 12:52:27+00:00
69789c27ab7e60756edf5a40,2026-07-07,383,48,73,253,9,2026-07-06 12:52:27+00:00
69789c27ab7e60756edf5a40,2026-07-07,421,50,68,297,6,2026-07-06 12:52:27+00:00
69789c27ab7e60756edf5a40,2026-07-07,407,51,71,266,19,2026-07-06 12:52:27+00:00
69789c27ab7e60756edf5a40,2026-07-07,250,38,37,155,20,2026-07-06 12:52:27+00:00
69789c27ab7e60756edf5a40,2026-07-07,471,33,91,319,28,2026-07-06 12:52:27+00:00
69789c27ab7e60756edf5a40,2026-07-07,319,36,64,209,10,2026-07-06 12:52:27+00:00
69789c27ab7e60756edf5a40,2026-07-07,411,51,76,265,19,2026-07-06 12:52:27+00:00
69789c27ab7e60756edf5a40,2026-07-07,409,31,73,290,15,2026-07-06 12:52:27+00:00
69789c27ab7e60756edf5a40,2026-07-07,501,38,82,319,62,2026-07-06 12:52:27+00:00
69789c27ab7e60756edf5a40,2026-07-07,377,41,144,186,6,2026-07-06 12:52:27+00:00
69789c27ab7e60756edf5a40,2026-07-07,438,40,98,296,4,2026-07-06 12:52:27+00:00
69789c27ab7e60756edf5a40,2026-07-07,390,29,89,242,30,2026-07-06 12:52:27+00:00
69789c27ab7e60756edf5a40,2026-07-07,373,37,84,243,9,2026-07-06 12:52:27+00:00
69789c27ab7e60756edf5a40,2026-07-07,421,33,87,280,21,2026-07-06 12:52:27+00:00
69789c27ab7e60756edf5a40,2026-07-07,399,28,68,286,17,2026-07-06 12:52:27+00:00
69789c27ab7e60756edf5a40,2026-07-07,517,73,110,311,23,2026-07-06 12:52:27+00:00
69789c27ab7e60756edf5a40,2026-07-07,436,47,81,293,15,2026-07-06 12:52:27+00:00
69789c27ab7e60756edf5a40,2026-07-07,420,66,59,284,11,2026-07-06 12:52:27+00:00
69789c27ab7e60756edf5a40,2026-07-07,395,48,102,243,2,2026-07-06 12:52:27+00:00
69789c27ab7e60756edf5a40,2026-07-07,317,55,74,180,8,2026-07-06 12:52:27+00:00
69789c27ab7e60756edf5a40,2026-07-07,408,36,96,271,5,2026-07-06 12:52:27+00:00
69789c27ab7e60756edf5a40,2026-07-07,578,37,91,411,39,2026-07-06 12:52:27+00:00
698e152a91996e05c0bc1807,2026-05-23,415,83,83,166,83,2026-05-22 14:11:16+00:00
698e152a91996e05c0bc1807,2026-05-23,415,83,83,166,83,2026-05-22 14:11:17+00:00
698e152a91996e05c0bc1807,2026-05-23,415,83,83,166,83,2026-05-22 14:11:17+00:00
698e152a91996e05c0bc1807,2026-05-22,420,105,77,210,28,2026-05-21 10:33:44+00:00
698e152a91996e05c0bc1807,2026-05-22,480,120,90,240,30,2026-05-21 10:32:58+00:00
698e152a91996e05c0bc1807,2026-05-22,360,90,65,180,25,2026-05-21 10:33:23+00:00
698e152a91996e05c0bc1807,2026-05-22,420,105,77,210,28,2026-05-21 10:33:44+00:00
698e152a91996e05c0bc1807,2026-05-22,420,105,77,210,28,2026-05-21 10:33:44+00:00
698e152a91996e05c0bc1807,2026-05-22,480,120,90,240,30,2026-05-21 10:32:58+00:00
698e152a91996e05c0bc1807,2026-05-22,360,90,65,180,25,2026-05-21 10:33:23+00:00
698e152a91996e05c0bc1807,2026-05-22,480,120,90,240,30,2026-05-21 10:32:58+00:00
698e152a91996e05c0bc1807,2026-05-22,480,120,90,240,30,2026-05-21 10:32:58+00:00
698e152a91996e05c0bc1807,2026-05-22,420,105,77,210,28,2026-05-21 10:33:44+00:00
698e152a91996e05c0bc1807,2026-05-22,480,120,90,240,30,2026-05-21 10:32:58+00:00
698e152a91996e05c0bc1807,2026-05-22,420,105,77,210,28,2026-05-21 10:33:44+00:00
698e152a91996e05c0bc1807,2026-05-22,420,105,77,210,28,2026-05-21 10:33:44+00:00
698e152a91996e05c0bc1807,2026-05-22,420,105,77,210,28,2026-05-21 10:33:44+00:00
698e152a91996e05c0bc1807,2026-05-22,480,120,90,240,30,2026-05-21 10:32:58+00:00
698e152a91996e05c0bc1807,2026-05-22,480,120,90,240,30,2026-05-21 10:32:58+00:00
698e152a91996e05c0bc1807,2026-05-22,420,105,77,210,28,2026-05-21 10:33:44+00:00
698e152a91996e05c0bc1807,2026-05-22,480,120,90,240,30,2026-05-21 10:32:58+00:00
698e152a91996e05c0bc1807,2026-05-22,480,120,90,240,30,2026-05-21 10:32:58+00:00
698e152a91996e05c0bc1807,2026-05-22,360,90,65,180,25,2026-05-21 10:33:23+00:00
698e152a91996e05c0bc1807,2026-05-22,420,105,77,210,28,2026-05-21 10:33:44+00:00
698e152a91996e05c0bc1807,2026-05-22,480,120,90,240,30,2026-05-21 10:32:58+00:00
698e152a91996e05c0bc1807,2026-05-22,480,120,90,240,30,2026-05-21 10:32:58+00:00
698e152a91996e05c0bc1807,2026-05-22,480,120,90,240,30,2026-05-21 10:32:58+00:00
698e152a91996e05c0bc1807,2026-05-22,480,120,90,240,30,2026-05-21 10:32:58+00:00
698e152a91996e05c0bc1807,2026-05-22,360,90,65,180,25,2026-05-21 10:33:23+00:00
698e152a91996e05c0bc1807,2026-05-22,480,120,90,240,30,2026-05-21 10:32:58+00:00
698e152a91996e05c0bc1807,2026-05-22,360,90,65,180,25,2026-05-21 10:33:23+00:00
698e152a91996e05c0bc1807,2026-05-22,480,120,90,240,30,2026-05-21 10:32:58+00:00
698e152a91996e05c0bc1807,2026-05-22,420,105,77,210,28,2026-05-21 10:33:44+00:00
698e152a91996e05c0bc1807,2026-05-22,420,105,77,210,28,2026-05-21 10:33:44+00:00
698e152a91996e05c0bc1807,2026-05-22,420,105,77,210,28,2026-05-21 10:33:44+00:00
698e152a91996e05c0bc1807,2026-05-22,420,105,77,210,28,2026-05-21 10:33:44+00:00
698e152a91996e05c0bc1807,2026-05-22,480,120,90,240,30,2026-05-21 10:32:58+00:00
698e152a91996e05c0bc1807,2026-05-22,420,105,77,210,28,2026-05-21 10:33:44+00:00
698e152a91996e05c0bc1807,2026-05-22,360,90,65,180,25,2026-05-21 10:33:23+00:00
698e152a91996e05c0bc1807,2026-05-22,360,90,65,180,25,2026-05-21 10:33:23+00:00
698e152a91996e05c0bc1807,2026-05-22,480,120,90,240,30,2026-05-21 10:32:58+00:00
698e152a91996e05c0bc1807,2026-05-22,480,120,90,240,30,2026-05-21 10:32:58+00:00
698e152a91996e05c0bc1807,2026-05-22,480,120,90,240,30,2026-05-21 10:32:58+00:00
698e152a91996e05c0bc1807,2026-05-22,480,120,90,240,30,2026-05-21 10:32:58+00:00
698e152a91996e05c0bc1807,2026-05-22,420,105,77,210,28,2026-05-21 10:33:44+00:00
698e152a91996e05c0bc1807,2026-05-22,420,105,77,210,28,2026-05-21 10:33:44+00:00
698e152a91996e05c0bc1807,2026-05-22,360,90,65,180,25,2026-05-21 10:33:23+00:00
698e152a91996e05c0bc1807,2026-05-22,360,90,65,180,25,2026-05-21 10:33:23+00:00
698e152a91996e05c0bc1807,2026-05-22,480,120,90,240,30,2026-05-21 10:32:58+00:00
698e152a91996e05c0bc1807,2026-05-22,480,120,90,240,30,2026-05-21 10:32:58+00:00
698e152a91996e05c0bc1807,2026-05-22,420,105,77,210,28,2026-05-21 10:33:44+00:00
698e152a91996e05c0bc1807,2026-05-22,420,105,77,210,28,2026-05-21 10:33:44+00:00
698e152a91996e05c0bc1807,2026-05-22,420,105,77,210,28,2026-05-21 10:33:44+00:00
698e152a91996e05c0bc1807,2026-05-22,360,90,65,180,25,2026-05-21 10:33:23+00:00
698e152a91996e05c0bc1807,2026-05-22,480,120,90,240,30,2026-05-21 10:32:58+00:00
698e152a91996e05c0bc1807,2026-05-22,360,90,65,180,25,2026-05-21 10:33:23+00:00
698e152a91996e05c0bc1807,2026-05-22,360,90,65,180,25,2026-05-21 10:33:23+00:00
698e152a91996e05c0bc1807,2026-05-22,420,105,77,210,28,2026-05-21 10:33:44+00:00
698e152a91996e05c0bc1807,2026-05-22,480,120,90,240,30,2026-05-21 10:32:58+00:00
698e152a91996e05c0bc1807,2026-05-22,480,120,90,240,30,2026-05-21 10:32:58+00:00
698e152a91996e05c0bc1807,2026-05-22,360,90,65,180,25,2026-05-21 10:33:23+00:00
698e152a91996e05c0bc1807,2026-05-22,420,105,77,210,28,2026-05-21 10:33:44+00:00
698e152a91996e05c0bc1807,2026-05-22,420,105,77,210,28,2026-05-21 10:33:44+00:00
698e152a91996e05c0bc1807,2026-05-22,360,90,65,180,25,2026-05-21 10:33:23+00:00
698e152a91996e05c0bc1807,2026-05-22,360,90,65,180,25,2026-05-21 10:33:23+00:00
698e152a91996e05c0bc1807,2026-05-22,420,105,77,210,28,2026-05-21 10:33:44+00:00
698e152a91996e05c0bc1807,2026-05-22,420,105,77,210,28,2026-05-21 10:33:44+00:00
698e152a91996e05c0bc1807,2026-05-22,420,105,77,210,28,2026-05-21 10:33:44+00:00
698e152a91996e05c0bc1807,2026-05-22,360,90,65,180,25,2026-05-21 10:33:23+00:00
698e152a91996e05c0bc1807,2026-05-22,360,90,65,180,25,2026-05-21 10:33:23+00:00
698e152a91996e05c0bc1807,2026-05-22,360,90,65,180,25,2026-05-21 10:33:23+00:00
698e152a91996e05c0bc1807,2026-05-22,480,120,90,240,30,2026-05-21 10:32:58+00:00
698e152a91996e05c0bc1807,2026-05-22,420,105,77,210,28,2026-05-21 10:33:44+00:00
698e152a91996e05c0bc1807,2026-05-22,420,105,77,210,28,2026-05-21 10:33:44+00:00
698e152a91996e05c0bc1807,2026-05-22,420,105,77,210,28,2026-05-21 10:33:44+00:00
698e152a91996e05c0bc1807,2026-05-22,360,90,65,180,25,2026-05-21 10:33:23+00:00
698e152a91996e05c0bc1807,2026-05-22,480,120,90,240,30,2026-05-21 10:32:58+00:00
698e152a91996e05c0bc1807,2026-05-22,360,90,65,180,25,2026-05-21 10:33:23+00:00
698e152a91996e05c0bc1807,2026-05-22,420,105,77,210,28,2026-05-21 10:33:44+00:00
698e152a91996e05c0bc1807,2026-05-22,420,105,77,210,28,2026-05-21 10:33:44+00:00
698e152a91996e05c0bc1807,2026-05-22,360,90,65,180,25,2026-05-21 10:33:23+00:00
698e152a91996e05c0bc1807,2026-05-22,480,120,90,240,30,2026-05-21 10:32:58+00:00
698e152a91996e05c0bc1807,2026-05-22,360,90,65,180,25,2026-05-21 10:33:23+00:00
698e152a91996e05c0bc1807,2026-05-22,360,90,65,180,25,2026-05-21 10:33:23+00:00
698e152a91996e05c0bc1807,2026-05-22,360,90,65,180,25,2026-05-21 10:33:23+00:00
698e152a91996e05c0bc1807,2026-05-22,360,90,65,180,25,2026-05-21 10:33:23+00:00
698e152a91996e05c0bc1807,2026-05-22,480,120,90,240,30,2026-05-21 10:32:58+00:00
698e152a91996e05c0bc1807,2026-05-22,480,120,90,240,30,2026-05-21 10:32:58+00:00
698e152a91996e05c0bc1807,2026-05-22,360,90,65,180,25,2026-05-21 10:33:23+00:00
698e152a91996e05c0bc1807,2026-05-22,360,90,65,180,25,2026-05-21 10:33:23+00:00
698e152a91996e05c0bc1807,2026-05-22,360,90,65,180,25,2026-05-21 10:33:23+00:00
698e152a91996e05c0bc1807,2026-05-22,480,120,90,240,30,2026-05-21 10:32:58+00:00
69b8ddb391996e05c0afd67a,2026-07-04,398,127,0,249,22,2026-07-02 22:21:33+00:00
69b8f47a91996e05c004e09e,2026-07-11,350,41,54,251,4,2026-07-10 16:11:48+00:00
69b8f47a91996e05c004e09e,2026-07-11,452,56,96,272,28,2026-07-10 16:11:46+00:00
69b8f47a91996e05c004e09e,2026-07-11,401,31,77,263,30,2026-07-10 16:11:47+00:00
69b8f47a91996e05c004e09e,2026-07-11,448,98,100,248,2,2026-07-10 16:11:47+00:00
69b8f47a91996e05c004e09e,2026-07-11,427,54,97,273,3,2026-07-10 16:11:48+00:00
69b8f47a91996e05c004e09e,2026-07-11,543,36,116,374,17,2026-07-10 16:11:47+00:00
69b8f47a91996e05c004e09e,2026-07-11,588,68,123,395,2,2026-07-10 16:11:47+00:00
69b8f47a91996e05c004e09e,2026-07-11,499,69,145,279,6,2026-07-10 16:11:47+00:00
69b8f47a91996e05c004e09e,2026-07-11,433,66,115,251,1,2026-07-10 16:11:46+00:00
69b8f47a91996e05c004e09e,2026-07-11,589,95,154,335,5,2026-07-10 16:11:47+00:00
69b8f47a91996e05c004e09e,2026-07-11,200,68,8,121,3,2026-07-10 16:11:47+00:00
69b8f47a91996e05c004e09e,2026-07-11,202,63,0,136,3,2026-07-10 16:11:48+00:00
69b8f47a91996e05c004e09e,2026-07-11,492,37,121,324,10,2026-07-10 16:11:47+00:00
69b8f47a91996e05c004e09e,2026-07-11,469,51,98,314,6,2026-07-10 16:11:47+00:00
69b8f47a91996e05c004e09e,2026-07-11,175,62,6,95,12,2026-07-10 16:11:47+00:00
69b8f47a91996e05c004e09e,2026-07-11,476,119,88,241,28,2026-07-10 16:11:47+00:00
69b8f47a91996e05c004e09e,2026-07-11,628,88,118,374,48,2026-07-10 16:11:47+00:00
69b8f47a91996e05c004e09e,2026-07-11,486,37,101,342,6,2026-07-10 16:11:46+00:00
69b8f47a91996e05c004e09e,2026-07-11,476,58,104,313,1,2026-07-10 16:11:46+00:00
69b8f47a91996e05c004e09e,2026-07-11,533,54,92,334,53,2026-07-10 16:11:48+00:00
69b8f47a91996e05c004e09e,2026-07-11,604,67,149,380,8,2026-07-10 16:11:46+00:00
69b8f47a91996e05c004e09e,2026-07-11,419,37,105,260,17,2026-07-10 16:11:47+00:00
69b8f47a91996e05c004e09e,2026-07-11,536,72,186,272,6,2026-07-10 16:11:47+00:00
69b8f47a91996e05c004e09e,2026-07-11,494,95,104,295,0,2026-07-10 16:11:46+00:00
69b8f47a91996e05c004e09e,2026-07-11,512,52,125,318,17,2026-07-10 16:11:47+00:00
69b8f47a91996e05c004e09e,2026-07-11,554,54,111,367,22,2026-07-10 16:11:47+00:00
69b8f47a91996e05c004e09e,2026-07-11,568,32,112,408,16,2026-07-10 16:11:47+00:00
69b8f47a91996e05c004e09e,2026-07-11,623,79,128,406,10,2026-07-10 16:11:47+00:00
69b8f47a91996e05c004e09e,2026-07-11,236,45,44,143,4,2026-07-10 16:11:47+00:00
69b8f47a91996e05c004e09e,2026-07-11,568,87,116,313,52,2026-07-10 16:11:47+00:00
69b8f47a91996e05c004e09e,2026-07-11,551,43,107,376,25,2026-07-10 16:11:46+00:00
69b8f47a91996e05c004e09e,2026-07-11,493,104,112,276,1,2026-07-10 16:11:47+00:00
69b8f47a91996e05c004e09e,2026-07-11,451,81,92,271,7,2026-07-10 16:11:47+00:00
69b8f47a91996e05c004e09e,2026-07-11,467,56,108,297,6,2026-07-10 16:11:47+00:00
69b8f47a91996e05c004e09e,2026-07-11,550,51,141,358,0,2026-07-10 16:11:47+00:00
69b8f47a91996e05c004e09e,2026-07-11,468,63,124,279,2,2026-07-10 16:11:47+00:00
69b8f47a91996e05c004e09e,2026-07-11,461,49,91,289,32,2026-07-10 16:11:47+00:00
69b8f47a91996e05c004e09e,2026-07-11,341,60,29,242,10,2026-07-10 16:11:47+00:00
69b8f47a91996e05c004e09e,2026-07-11,419,99,36,281,3,2026-07-10 16:11:48+00:00
69b8f47a91996e05c004e09e,2026-07-11,520,73,106,316,25,2026-07-10 16:11:47+00:00
69b8f47a91996e05c004e09e,2026-07-11,563,52,94,284,133,2026-07-10 16:11:46+00:00
69b8f47a91996e05c004e09e,2026-07-11,515,47,102,365,1,2026-07-10 16:11:47+00:00
69b8f47a91996e05c004e09e,2026-07-11,229,52,6,127,44,2026-07-10 16:11:48+00:00
69b8f47a91996e05c004e09e,2026-07-11,388,98,0,266,24,2026-07-10 16:11:48+00:00
69b8f47a91996e05c004e09e,2026-07-11,300,36,79,178,7,2026-07-10 16:11:47+00:00
69b8f47a91996e05c004e09e,2026-07-11,309,58,19,228,4,2026-07-10 16:11:47+00:00
69b8f47a91996e05c004e09e,2026-07-11,547,50,111,379,7,2026-07-10 16:11:47+00:00
69b8f47a91996e05c004e09e,2026-07-11,281,96,11,170,4,2026-07-10 16:11:48+00:00
69b8f47a91996e05c004e09e,2026-07-11,510,58,118,329,5,2026-07-10 16:11:47+00:00
69b8f47a91996e05c004e09e,2026-07-11,519,56,104,355,4,2026-07-10 16:11:47+00:00
69b8f47a91996e05c004e09e,2026-07-11,472,41,110,293,28,2026-07-10 16:11:47+00:00
69b8f47a91996e05c004e09e,2026-07-11,251,82,0,152,17,2026-07-10 16:11:48+00:00
69b8f47a91996e05c004e09e,2026-07-11,674,56,191,419,8,2026-07-10 16:11:47+00:00
69b8f47a91996e05c004e09e,2026-07-11,538,65,122,348,3,2026-07-10 16:11:47+00:00
69b8f47a91996e05c004e09e,2026-07-11,548,51,127,368,2,2026-07-10 16:11:46+00:00
69b8f47a91996e05c004e09e,2026-07-11,563,26,143,394,0,2026-07-10 16:11:48+00:00
69b8f47a91996e05c004e09e,2026-07-11,446,71,102,251,22,2026-07-10 16:11:46+00:00
69b8f47a91996e05c004e09e,2026-07-11,496,86,100,304,6,2026-07-10 16:11:47+00:00
69b8f47a91996e05c004e09e,2026-07-11,446,54,90,300,2,2026-07-10 16:11:46+00:00
69b8f47a91996e05c004e09e,2026-07-11,515,53,114,338,10,2026-07-10 16:11:47+00:00
69b8f47a91996e05c004e09e,2026-07-11,624,63,121,374,66,2026-07-10 16:11:47+00:00
69b8f47a91996e05c004e09e,2026-07-11,516,47,104,333,32,2026-07-10 16:11:47+00:00
69b8f47a91996e05c004e09e,2026-07-11,527,41,104,351,31,2026-07-10 16:11:48+00:00
69b8f47a91996e05c004e09e,2026-07-11,350,53,32,247,18,2026-07-10 16:11:48+00:00
69b8f47a91996e05c004e09e,2026-07-11,546,58,129,341,18,2026-07-10 16:11:46+00:00
69b8f47a91996e05c004e09e,2026-07-11,363,42,61,257,3,2026-07-10 16:11:48+00:00
69b8f47a91996e05c004e09e,2026-07-11,499,66,104,326,3,2026-07-10 16:11:47+00:00
69b8f47a91996e05c004e09e,2026-07-11,498,44,102,313,39,2026-07-10 16:11:47+00:00
69b8f47a91996e05c004e09e,2026-07-11,338,35,18,224,61,2026-07-10 16:11:47+00:00
69b8f47a91996e05c004e09e,2026-07-11,508,46,142,312,8,2026-07-10 16:11:47+00:00
69b8f47a91996e05c004e09e,2026-07-11,507,52,147,305,3,2026-07-10 16:11:47+00:00
69b8f47a91996e05c004e09e,2026-07-11,615,79,134,401,1,2026-07-10 16:11:48+00:00
69b8f47a91996e05c004e09e,2026-07-11,399,33,41,312,13,2026-07-10 16:11:47+00:00
69b8f47a91996e05c004e09e,2026-07-11,471,36,87,338,10,2026-07-10 16:11:48+00:00
69b8f47a91996e05c004e09e,2026-07-11,550,84,118,348,0,2026-07-10 16:11:47+00:00
69b8f47a91996e05c004e09e,2026-07-11,469,50,100,305,14,2026-07-10 16:11:47+00:00
69b8f47a91996e05c004e09e,2026-07-11,449,40,94,313,2,2026-07-10 16:11:46+00:00
69b8f47a91996e05c004e09e,2026-07-11,469,51,100,314,4,2026-07-10 16:11:48+00:00
69b8f47a91996e05c004e09e,2026-07-11,234,56,17,161,0,2026-07-10 16:11:46+00:00
69b8f47a91996e05c004e09e,2026-07-11,235,62,41,128,4,2026-07-10 16:11:47+00:00
69b8f47a91996e05c004e09e,2026-07-11,576,62,123,375,16,2026-07-10 16:11:47+00:00
69b8f47a91996e05c004e09e,2026-07-11,371,69,37,237,28,2026-07-10 16:11:48+00:00
69b8f47a91996e05c004e09e,2026-07-11,461,60,91,285,25,2026-07-10 16:11:47+00:00
69b8f47a91996e05c004e09e,2026-07-11,606,42,155,407,2,2026-07-10 16:11:47+00:00
69b8f47a91996e05c004e09e,2026-07-11,579,49,131,393,6,2026-07-10 16:11:47+00:00
69b8f47a91996e05c004e09e,2026-07-11,531,31,110,386,4,2026-07-10 16:11:47+00:00
69b8f47a91996e05c004e09e,2026-07-11,519,32,109,343,35,2026-07-10 16:11:46+00:00
69b8f47a91996e05c004e09e,2026-07-11,584,52,124,396,12,2026-07-10 16:11:47+00:00
69b8f47a91996e05c004e09e,2026-07-11,566,80,118,368,0,2026-07-10 16:11:47+00:00
69b8f47a91996e05c004e09e,2026-07-11,615,52,174,387,2,2026-07-10 16:11:47+00:00
69b8f47a91996e05c004e09e,2026-07-11,598,37,122,426,13,2026-07-10 16:11:46+00:00
69b8f47a91996e05c004e09e,2026-07-11,539,55,113,359,12,2026-07-10 16:11:46+00:00
69b8f47a91996e05c004e09e,2026-07-11,364,35,74,236,19,2026-07-10 16:11:47+00:00
69b8f47a91996e05c004e09e,2026-07-11,328,64,21,131,112,2026-07-10 16:11:48+00:00
69b8f47a91996e05c004e09e,2026-07-11,406,58,98,248,2,2026-07-10 16:11:46+00:00
69b8f47a91996e05c004e09e,2026-07-11,592,74,129,384,5,2026-07-10 16:11:47+00:00
69b8f47a91996e05c004e09e,2026-07-11,536,113,113,308,2,2026-07-10 16:11:47+00:00
69b8f47a91996e05c004e09e,2026-07-11,425,26,89,295,15,2026-07-10 16:11:47+00:00
69b8f47a91996e05c004e09e,2026-07-11,555,62,97,395,1,2026-07-10 16:11:46+00:00
69b8f47a91996e05c004e09e,2026-07-11,479,48,117,309,5,2026-07-10 16:11:47+00:00
69e28dbc91996e05c0ef8634,2026-05-19,482,0,0,482,0,2026-05-18 09:45:22+00:00
6a016f2b91996e05c03a0ba8,2026-07-30,49,0,0,49,0,2026-07-29 10:57:53+00:00
6a016f2b91996e05c03a0ba8,2026-07-29,108,0,0,108,0,2026-07-28 13:53:58+00:00
6a016f2b91996e05c03a0ba8,2026-07-29,24,0,0,24,0,2026-07-28 13:53:58+00:00
6a016f2b91996e05c03a0ba8,2026-07-23,14,0,0,14,0,2026-07-22 14:10:29+00:00
6a016f2b91996e05c03a0ba8,2026-07-23,16,0,0,16,0,2026-07-22 14:10:29+00:00
6a016f2b91996e05c03a0ba8,2026-07-23,58,0,0,58,0,2026-07-22 14:10:29+00:00
6a016f2b91996e05c03a0ba8,2026-07-23,54,0,0,54,0,2026-07-22 14:10:29+00:00
6a016f2b91996e05c03a0ba8,2026-07-23,32,0,0,32,0,2026-07-22 14:10:29+00:00
6a016f2b91996e05c03a0ba8,2026-07-23,94,0,0,94,0,2026-07-22 14:10:29+00:00
6a016f2b91996e05c03a0ba8,2026-07-23,77,0,0,77,0,2026-07-22 14:10:29+00:00
6a016f2b91996e05c03a0ba8,2026-07-23,56,0,0,56,0,2026-07-22 14:10:29+00:00
6a016f2b91996e05c03a0ba8,2026-07-23,57,0,0,57,0,2026-07-22 14:10:29+00:00
6a016f2b91996e05c03a0ba8,2026-07-23,16,0,0,16,0,2026-07-22 14:10:29+00:00
6a4b510691996e05c015d2be,2026-07-07,2,0,0,0,2,2026-07-06 16:35:22+00:00
